dataset,target,model,variant,tree_method,fit_rows,seed,space,metric,value,status,source,is_seed_sweep
fdata,duration,LightGBM,,,16315867,0,,fit_seconds,244.8,adopted,recovered_from_notebook:notebooks/05_classical_ml_baselines.ipynb#cell55,False
fdata,duration,LightGBM,,,16315867,0,log,MAE,0.3645,adopted,recovered_from_notebook:notebooks/05_classical_ml_baselines.ipynb#cell55,False
fdata,duration,LightGBM,,,16315867,0,log,MAPE,9.0927,adopted,recovered_from_notebook:notebooks/05_classical_ml_baselines.ipynb#cell55,False
fdata,duration,LightGBM,,,16315867,0,log,MedAE,0.151,adopted,recovered_from_notebook:notebooks/05_classical_ml_baselines.ipynb#cell55,False
fdata,duration,LightGBM,,,16315867,0,log,R2,0.8941,adopted,recovered_from_notebook:notebooks/05_classical_ml_baselines.ipynb#cell55,False
fdata,duration,LightGBM,,,16315867,0,log,RMSE,0.7936,adopted,recovered_from_notebook:notebooks/05_classical_ml_baselines.ipynb#cell55,False
fdata,duration,LightGBM,,,16315867,0,log,Within20pct,93.0093,adopted,recovered_from_notebook:notebooks/05_classical_ml_baselines.ipynb#cell55,False
fdata,duration,LightGBM,,,16315867,0,raw,MAE,2780.6748,adopted,recovered_from_notebook:notebooks/05_classical_ml_baselines.ipynb#cell55,False
fdata,duration,LightGBM,,,16315867,0,raw,MAPE,1974.5775,adopted,recovered_from_notebook:notebooks/05_classical_ml_baselines.ipynb#cell55,False
fdata,duration,LightGBM,,,16315867,0,raw,MedAE,195.9394,adopted,recovered_from_notebook:notebooks/05_classical_ml_baselines.ipynb#cell55,False
fdata,duration,LightGBM,,,16315867,0,raw,R2,0.8306,adopted,recovered_from_notebook:notebooks/05_classical_ml_baselines.ipynb#cell55,False
fdata,duration,LightGBM,,,16315867,0,raw,RMSE,10676.0911,adopted,recovered_from_notebook:notebooks/05_classical_ml_baselines.ipynb#cell55,False
fdata,duration,LightGBM,,,16315867,0,raw,Within20pct,60.7888,adopted,recovered_from_notebook:notebooks/05_classical_ml_baselines.ipynb#cell55,False
fdata,duration,LightGBM,result1_window5,,16315867,0,,fit_seconds,224.8,diagnostic,recovered_from_notebook:notebooks/05_classical_ml_baselines.ipynb#cell29,False
fdata,duration,LightGBM,result1_window5,,16315867,0,log,MAE,0.3858,diagnostic,recovered_from_notebook:notebooks/05_classical_ml_baselines.ipynb#cell29,False
fdata,duration,LightGBM,result1_window5,,16315867,0,log,MAPE,9.618,diagnostic,recovered_from_notebook:notebooks/05_classical_ml_baselines.ipynb#cell29,False
fdata,duration,LightGBM,result1_window5,,16315867,0,log,MedAE,0.1624,diagnostic,recovered_from_notebook:notebooks/05_classical_ml_baselines.ipynb#cell29,False
fdata,duration,LightGBM,result1_window5,,16315867,0,log,R2,0.8864,diagnostic,recovered_from_notebook:notebooks/05_classical_ml_baselines.ipynb#cell29,False
fdata,duration,LightGBM,result1_window5,,16315867,0,log,RMSE,0.8221,diagnostic,recovered_from_notebook:notebooks/05_classical_ml_baselines.ipynb#cell29,False
fdata,duration,LightGBM,result1_window5,,16315867,0,log,Within20pct,92.3836,diagnostic,recovered_from_notebook:notebooks/05_classical_ml_baselines.ipynb#cell29,False
fdata,duration,LightGBM,result1_window5,,16315867,0,raw,MAE,2921.7242,diagnostic,recovered_from_notebook:notebooks/05_classical_ml_baselines.ipynb#cell29,False
fdata,duration,LightGBM,result1_window5,,16315867,0,raw,MAPE,2064.4761,diagnostic,recovered_from_notebook:notebooks/05_classical_ml_baselines.ipynb#cell29,False
fdata,duration,LightGBM,result1_window5,,16315867,0,raw,MedAE,180.7551,diagnostic,recovered_from_notebook:notebooks/05_classical_ml_baselines.ipynb#cell29,False
fdata,duration,LightGBM,result1_window5,,16315867,0,raw,R2,0.8237,diagnostic,recovered_from_notebook:notebooks/05_classical_ml_baselines.ipynb#cell29,False
fdata,duration,LightGBM,result1_window5,,16315867,0,raw,RMSE,10892.1171,diagnostic,recovered_from_notebook:notebooks/05_classical_ml_baselines.ipynb#cell29,False
fdata,duration,LightGBM,result1_window5,,16315867,0,raw,Within20pct,56.6224,diagnostic,recovered_from_notebook:notebooks/05_classical_ml_baselines.ipynb#cell29,False
fdata,duration,LightGBM,seed_sweep,,16315867,0,,fit_seconds,299.2576701439684,diagnostic,joblib:data/interim/fdata_duration_r2_seedvar_lgbm.joblib,True
fdata,duration,LightGBM,seed_sweep,,16315867,1,,fit_seconds,229.8500797440065,diagnostic,joblib:data/interim/fdata_duration_r2_seedvar_lgbm.joblib,True
fdata,duration,LightGBM,seed_sweep,,16315867,2,,fit_seconds,229.15761049004504,diagnostic,joblib:data/interim/fdata_duration_r2_seedvar_lgbm.joblib,True
fdata,duration,LightGBM,seed_sweep,,16315867,3,,fit_seconds,232.38589416100876,diagnostic,joblib:data/interim/fdata_duration_r2_seedvar_lgbm.joblib,True
fdata,duration,LightGBM,seed_sweep,,16315867,4,,fit_seconds,294.2961817389587,diagnostic,joblib:data/interim/fdata_duration_r2_seedvar_lgbm.joblib,True
fdata,duration,LightGBM,seed_sweep,,16315867,0,raw,R2,0.8306475340165637,diagnostic,joblib:data/interim/fdata_duration_r2_seedvar_lgbm.joblib,True
fdata,duration,LightGBM,seed_sweep,,16315867,1,raw,R2,0.8236765761184348,diagnostic,joblib:data/interim/fdata_duration_r2_seedvar_lgbm.joblib,True
fdata,duration,LightGBM,seed_sweep,,16315867,2,raw,R2,0.827544297158804,diagnostic,joblib:data/interim/fdata_duration_r2_seedvar_lgbm.joblib,True
fdata,duration,LightGBM,seed_sweep,,16315867,3,raw,R2,0.8250951632561261,diagnostic,joblib:data/interim/fdata_duration_r2_seedvar_lgbm.joblib,True
fdata,duration,LightGBM,seed_sweep,,16315867,4,raw,R2,0.826018601180579,diagnostic,joblib:data/interim/fdata_duration_r2_seedvar_lgbm.joblib,True
fdata,duration,Naive,,,16315867,,raw,MAE,9702.878503568245,adopted,joblib:data/interim/fdata_duration_r2_prepared.joblib,False
fdata,duration,Naive,,,16315867,,raw,MAPE,8368.786115361627,adopted,joblib:data/interim/fdata_duration_r2_prepared.joblib,False
fdata,duration,Naive,,,16315867,,raw,MedAE,1276.0,adopted,joblib:data/interim/fdata_duration_r2_prepared.joblib,False
fdata,duration,Naive,,,16315867,,raw,R2,0.07955447962838724,adopted,joblib:data/interim/fdata_duration_r2_prepared.joblib,False
fdata,duration,Naive,,,16315867,,raw,RMSE,24889.47076183168,adopted,joblib:data/interim/fdata_duration_r2_prepared.joblib,False
fdata,duration,Naive,,,16315867,,raw,Within20pct,14.808994304480477,adopted,joblib:data/interim/fdata_duration_r2_prepared.joblib,False
fdata,duration,RandomForest,,,5000000,0,,fit_seconds,1266.0,adopted,recovered_from_notebook:notebooks/05_classical_ml_baselines.ipynb#cell55,False
fdata,duration,RandomForest,,,5000000,0,log,MAE,0.3607,adopted,recovered_from_notebook:notebooks/05_classical_ml_baselines.ipynb#cell55,False
fdata,duration,RandomForest,,,5000000,0,log,MAPE,9.3145,adopted,recovered_from_notebook:notebooks/05_classical_ml_baselines.ipynb#cell55,False
fdata,duration,RandomForest,,,5000000,0,log,MedAE,0.1373,adopted,recovered_from_notebook:notebooks/05_classical_ml_baselines.ipynb#cell55,False
fdata,duration,RandomForest,,,5000000,0,log,R2,0.8923,adopted,recovered_from_notebook:notebooks/05_classical_ml_baselines.ipynb#cell55,False
fdata,duration,RandomForest,,,5000000,0,log,RMSE,0.8003,adopted,recovered_from_notebook:notebooks/05_classical_ml_baselines.ipynb#cell55,False
fdata,duration,RandomForest,,,5000000,0,log,Within20pct,92.9292,adopted,recovered_from_notebook:notebooks/05_classical_ml_baselines.ipynb#cell55,False
fdata,duration,RandomForest,,,5000000,0,raw,MAE,2748.5697,adopted,recovered_from_notebook:notebooks/05_classical_ml_baselines.ipynb#cell55,False
fdata,duration,RandomForest,,,5000000,0,raw,MAPE,1960.4995,adopted,recovered_from_notebook:notebooks/05_classical_ml_baselines.ipynb#cell55,False
fdata,duration,RandomForest,,,5000000,0,raw,MedAE,164.1498,adopted,recovered_from_notebook:notebooks/05_classical_ml_baselines.ipynb#cell55,False
fdata,duration,RandomForest,,,5000000,0,raw,R2,0.8205,adopted,recovered_from_notebook:notebooks/05_classical_ml_baselines.ipynb#cell55,False
fdata,duration,RandomForest,,,5000000,0,raw,RMSE,10991.5021,adopted,recovered_from_notebook:notebooks/05_classical_ml_baselines.ipynb#cell55,False
fdata,duration,RandomForest,,,5000000,0,raw,Within20pct,61.8745,adopted,recovered_from_notebook:notebooks/05_classical_ml_baselines.ipynb#cell55,False
fdata,duration,RandomForest,result1_window5,,5000000,0,,fit_seconds,1191.4,diagnostic,recovered_from_notebook:notebooks/05_classical_ml_baselines.ipynb#cell29,False
fdata,duration,RandomForest,result1_window5,,5000000,0,log,MAE,0.4232,diagnostic,recovered_from_notebook:notebooks/05_classical_ml_baselines.ipynb#cell29,False
fdata,duration,RandomForest,result1_window5,,5000000,0,log,MAPE,10.4906,diagnostic,recovered_from_notebook:notebooks/05_classical_ml_baselines.ipynb#cell29,False
fdata,duration,RandomForest,result1_window5,,5000000,0,log,MedAE,0.2392,diagnostic,recovered_from_notebook:notebooks/05_classical_ml_baselines.ipynb#cell29,False
fdata,duration,RandomForest,result1_window5,,5000000,0,log,R2,0.884,diagnostic,recovered_from_notebook:notebooks/05_classical_ml_baselines.ipynb#cell29,False
fdata,duration,RandomForest,result1_window5,,5000000,0,log,RMSE,0.8305,diagnostic,recovered_from_notebook:notebooks/05_classical_ml_baselines.ipynb#cell29,False
fdata,duration,RandomForest,result1_window5,,5000000,0,log,Within20pct,92.4455,diagnostic,recovered_from_notebook:notebooks/05_classical_ml_baselines.ipynb#cell29,False
fdata,duration,RandomForest,result1_window5,,5000000,0,raw,MAE,3453.8171,diagnostic,recovered_from_notebook:notebooks/05_classical_ml_baselines.ipynb#cell29,False
fdata,duration,RandomForest,result1_window5,,5000000,0,raw,MAPE,1887.5566,diagnostic,recovered_from_notebook:notebooks/05_classical_ml_baselines.ipynb#cell29,False
fdata,duration,RandomForest,result1_window5,,5000000,0,raw,MedAE,245.7386,diagnostic,recovered_from_notebook:notebooks/05_classical_ml_baselines.ipynb#cell29,False
fdata,duration,RandomForest,result1_window5,,5000000,0,raw,R2,0.7708,diagnostic,recovered_from_notebook:notebooks/05_classical_ml_baselines.ipynb#cell29,False
fdata,duration,RandomForest,result1_window5,,5000000,0,raw,RMSE,12419.0736,diagnostic,recovered_from_notebook:notebooks/05_classical_ml_baselines.ipynb#cell29,False
fdata,duration,RandomForest,result1_window5,,5000000,0,raw,Within20pct,46.6053,diagnostic,recovered_from_notebook:notebooks/05_classical_ml_baselines.ipynb#cell29,False
fdata,duration,RandomForest,seed_sweep,,5000000,0,,fit_seconds,1276.856775489985,diagnostic,joblib:data/interim/fdata_duration_r2_seedvar_rf.joblib,True
fdata,duration,RandomForest,seed_sweep,,5000000,1,,fit_seconds,1285.1893705589464,diagnostic,joblib:data/interim/fdata_duration_r2_seedvar_rf.joblib,True
fdata,duration,RandomForest,seed_sweep,,5000000,2,,fit_seconds,1270.4300299800234,diagnostic,joblib:data/interim/fdata_duration_r2_seedvar_rf.joblib,True
fdata,duration,RandomForest,seed_sweep,,5000000,0,raw,R2,0.8204932183627147,diagnostic,joblib:data/interim/fdata_duration_r2_seedvar_rf.joblib,True
fdata,duration,RandomForest,seed_sweep,,5000000,1,raw,R2,0.8228003431775923,diagnostic,joblib:data/interim/fdata_duration_r2_seedvar_rf.joblib,True
fdata,duration,RandomForest,seed_sweep,,5000000,2,raw,R2,0.8204703653389511,diagnostic,joblib:data/interim/fdata_duration_r2_seedvar_rf.joblib,True
fdata,duration,Roofline,,,,,raw,MAE,10517.6011,adopted,recovered_from_notebook:notebooks/03_analytical_baselines.ipynb#cell16,False
fdata,duration,Roofline,,,,,raw,MAPE,99.9848,adopted,recovered_from_notebook:notebooks/03_analytical_baselines.ipynb#cell16,False
fdata,duration,Roofline,,,,,raw,MedAE,1803.8535,adopted,recovered_from_notebook:notebooks/03_analytical_baselines.ipynb#cell16,False
fdata,duration,Roofline,,,,,raw,R2,-0.1644,adopted,recovered_from_notebook:notebooks/03_analytical_baselines.ipynb#cell16,False
fdata,duration,Roofline,,,,,raw,RMSE,27993.7073,adopted,recovered_from_notebook:notebooks/03_analytical_baselines.ipynb#cell16,False
fdata,duration,Roofline,,,,,raw,Within20pct,0.0,adopted,recovered_from_notebook:notebooks/03_analytical_baselines.ipynb#cell16,False
fdata,duration,XGBoost,,hist,16315867,0,,fit_seconds,181.5,adopted,recovered_from_notebook:notebooks/05_classical_ml_baselines.ipynb#cell55,False
fdata,duration,XGBoost,,hist,16315867,0,log,MAE,0.3653,adopted,recovered_from_notebook:notebooks/05_classical_ml_baselines.ipynb#cell55,False
fdata,duration,XGBoost,,hist,16315867,0,log,MAPE,9.4589,adopted,recovered_from_notebook:notebooks/05_classical_ml_baselines.ipynb#cell55,False
fdata,duration,XGBoost,,hist,16315867,0,log,MedAE,0.1428,adopted,recovered_from_notebook:notebooks/05_classical_ml_baselines.ipynb#cell55,False
fdata,duration,XGBoost,,hist,16315867,0,log,R2,0.891,adopted,recovered_from_notebook:notebooks/05_classical_ml_baselines.ipynb#cell55,False
fdata,duration,XGBoost,,hist,16315867,0,log,RMSE,0.805,adopted,recovered_from_notebook:notebooks/05_classical_ml_baselines.ipynb#cell55,False
fdata,duration,XGBoost,,hist,16315867,0,log,Within20pct,92.9049,adopted,recovered_from_notebook:notebooks/05_classical_ml_baselines.ipynb#cell55,False
fdata,duration,XGBoost,,hist,16315867,0,raw,MAE,2714.3641,adopted,recovered_from_notebook:notebooks/05_classical_ml_baselines.ipynb#cell55,False
fdata,duration,XGBoost,,hist,16315867,0,raw,MAPE,1923.6291,adopted,recovered_from_notebook:notebooks/05_classical_ml_baselines.ipynb#cell55,False
fdata,duration,XGBoost,,hist,16315867,0,raw,MedAE,159.5601,adopted,recovered_from_notebook:notebooks/05_classical_ml_baselines.ipynb#cell55,False
fdata,duration,XGBoost,,hist,16315867,0,raw,R2,0.8359,adopted,recovered_from_notebook:notebooks/05_classical_ml_baselines.ipynb#cell55,False
fdata,duration,XGBoost,,hist,16315867,0,raw,RMSE,10509.5175,adopted,recovered_from_notebook:notebooks/05_classical_ml_baselines.ipynb#cell55,False
fdata,duration,XGBoost,,hist,16315867,0,raw,Within20pct,60.3646,adopted,recovered_from_notebook:notebooks/05_classical_ml_baselines.ipynb#cell55,False
fdata,duration,XGBoost,histexact_check_seed0,exact,16315867,0,,fit_seconds,5346.5011501410045,diagnostic,joblib:data/interim/fdata_duration_r2_xgb_histexact_check.joblib,False
fdata,duration,XGBoost,histexact_check_seed0,hist,16315867,0,raw,R2,0.8359,diagnostic,joblib:data/interim/fdata_duration_r2_xgb_histexact_check.joblib,False
fdata,duration,XGBoost,histexact_check_seed0,exact,16315867,0,raw,R2,0.8366338795669683,diagnostic,joblib:data/interim/fdata_duration_r2_xgb_histexact_check.joblib,False
fdata,duration,XGBoost,result1_window5,hist,16315867,0,,fit_seconds,181.0,diagnostic,recovered_from_notebook:notebooks/05_classical_ml_baselines.ipynb#cell29,False
fdata,duration,XGBoost,result1_window5,hist,16315867,0,log,MAE,0.3925,diagnostic,recovered_from_notebook:notebooks/05_classical_ml_baselines.ipynb#cell29,False
fdata,duration,XGBoost,result1_window5,hist,16315867,0,log,MAPE,10.1336,diagnostic,recovered_from_notebook:notebooks/05_classical_ml_baselines.ipynb#cell29,False
fdata,duration,XGBoost,result1_window5,hist,16315867,0,log,MedAE,0.1804,diagnostic,recovered_from_notebook:notebooks/05_classical_ml_baselines.ipynb#cell29,False
fdata,duration,XGBoost,result1_window5,hist,16315867,0,log,R2,0.8851,diagnostic,recovered_from_notebook:notebooks/05_classical_ml_baselines.ipynb#cell29,False
fdata,duration,XGBoost,result1_window5,hist,16315867,0,log,RMSE,0.8266,diagnostic,recovered_from_notebook:notebooks/05_classical_ml_baselines.ipynb#cell29,False
fdata,duration,XGBoost,result1_window5,hist,16315867,0,log,Within20pct,92.4326,diagnostic,recovered_from_notebook:notebooks/05_classical_ml_baselines.ipynb#cell29,False
fdata,duration,XGBoost,result1_window5,hist,16315867,0,raw,MAE,2986.0604,diagnostic,recovered_from_notebook:notebooks/05_classical_ml_baselines.ipynb#cell29,False
fdata,duration,XGBoost,result1_window5,hist,16315867,0,raw,MAPE,2133.1015,diagnostic,recovered_from_notebook:notebooks/05_classical_ml_baselines.ipynb#cell29,False
fdata,duration,XGBoost,result1_window5,hist,16315867,0,raw,MedAE,206.5059,diagnostic,recovered_from_notebook:notebooks/05_classical_ml_baselines.ipynb#cell29,False
fdata,duration,XGBoost,result1_window5,hist,16315867,0,raw,R2,0.8152,diagnostic,recovered_from_notebook:notebooks/05_classical_ml_baselines.ipynb#cell29,False
fdata,duration,XGBoost,result1_window5,hist,16315867,0,raw,RMSE,11153.1835,diagnostic,recovered_from_notebook:notebooks/05_classical_ml_baselines.ipynb#cell29,False
fdata,duration,XGBoost,result1_window5,hist,16315867,0,raw,Within20pct,55.2116,diagnostic,recovered_from_notebook:notebooks/05_classical_ml_baselines.ipynb#cell29,False
fdata,duration,XGBoost,seed_sweep,hist,16315867,0,,fit_seconds,173.0291319009848,diagnostic,joblib:data/interim/fdata_duration_r2_seedvar_xgb.joblib,True
fdata,duration,XGBoost,seed_sweep,hist,16315867,1,,fit_seconds,173.5166814030381,diagnostic,joblib:data/interim/fdata_duration_r2_seedvar_xgb.joblib,True
fdata,duration,XGBoost,seed_sweep,hist,16315867,2,,fit_seconds,172.95639363402734,diagnostic,joblib:data/interim/fdata_duration_r2_seedvar_xgb.joblib,True
fdata,duration,XGBoost,seed_sweep,hist,16315867,3,,fit_seconds,170.794590377016,diagnostic,joblib:data/interim/fdata_duration_r2_seedvar_xgb.joblib,True
fdata,duration,XGBoost,seed_sweep,hist,16315867,4,,fit_seconds,170.94185488001676,diagnostic,joblib:data/interim/fdata_duration_r2_seedvar_xgb.joblib,True
fdata,duration,XGBoost,seed_sweep,hist,16315867,0,raw,R2,0.8358910297131158,diagnostic,joblib:data/interim/fdata_duration_r2_seedvar_xgb.joblib,True
fdata,duration,XGBoost,seed_sweep,hist,16315867,1,raw,R2,0.8375776714799584,diagnostic,joblib:data/interim/fdata_duration_r2_seedvar_xgb.joblib,True
fdata,duration,XGBoost,seed_sweep,hist,16315867,2,raw,R2,0.8383034032025936,diagnostic,joblib:data/interim/fdata_duration_r2_seedvar_xgb.joblib,True
fdata,duration,XGBoost,seed_sweep,hist,16315867,3,raw,R2,0.8361605161745465,diagnostic,joblib:data/interim/fdata_duration_r2_seedvar_xgb.joblib,True
fdata,duration,XGBoost,seed_sweep,hist,16315867,4,raw,R2,0.8400895160614831,diagnostic,joblib:data/interim/fdata_duration_r2_seedvar_xgb.joblib,True
fdata,memory,LightGBM,,,16315867,0,,fit_seconds,77.1,adopted,recovered_from_notebook:notebooks/05b_classical_ml_memory.ipynb#cell34,False
fdata,memory,LightGBM,,,16315867,0,log,MAE,0.2233,adopted,recovered_from_notebook:notebooks/05b_classical_ml_memory.ipynb#cell34,False
fdata,memory,LightGBM,,,16315867,0,log,MAPE,1.0546,adopted,recovered_from_notebook:notebooks/05b_classical_ml_memory.ipynb#cell34,False
fdata,memory,LightGBM,,,16315867,0,log,MedAE,0.0862,adopted,recovered_from_notebook:notebooks/05b_classical_ml_memory.ipynb#cell34,False
fdata,memory,LightGBM,,,16315867,0,log,R2,0.8929,adopted,recovered_from_notebook:notebooks/05b_classical_ml_memory.ipynb#cell34,False
fdata,memory,LightGBM,,,16315867,0,log,RMSE,0.4848,adopted,recovered_from_notebook:notebooks/05b_classical_ml_memory.ipynb#cell34,False
fdata,memory,LightGBM,,,16315867,0,log,Within20pct,99.7064,adopted,recovered_from_notebook:notebooks/05b_classical_ml_memory.ipynb#cell34,False
fdata,memory,LightGBM,,,16315867,0,raw,MAE,1219928000.0,adopted,recovered_from_notebook:notebooks/05b_classical_ml_memory.ipynb#cell34,False
fdata,memory,LightGBM,,,16315867,0,raw,MAPE,82.9931,adopted,recovered_from_notebook:notebooks/05b_classical_ml_memory.ipynb#cell34,False
fdata,memory,LightGBM,,,16315867,0,raw,MedAE,313362000.0,adopted,recovered_from_notebook:notebooks/05b_classical_ml_memory.ipynb#cell34,False
fdata,memory,LightGBM,,,16315867,0,raw,R2,0.8668,adopted,recovered_from_notebook:notebooks/05b_classical_ml_memory.ipynb#cell34,False
fdata,memory,LightGBM,,,16315867,0,raw,RMSE,2627899000.0,adopted,recovered_from_notebook:notebooks/05b_classical_ml_memory.ipynb#cell34,False
fdata,memory,LightGBM,,,16315867,0,raw,Within20pct,73.9229,adopted,recovered_from_notebook:notebooks/05b_classical_ml_memory.ipynb#cell34,False
fdata,memory,LightGBM,seed_sweep,,16315867,0,,fit_seconds,75.76078999700258,diagnostic,joblib:data/interim/fdata_memory_seedvar_lgbm.joblib,True
fdata,memory,LightGBM,seed_sweep,,16315867,1,,fit_seconds,75.04078303196002,diagnostic,joblib:data/interim/fdata_memory_seedvar_lgbm.joblib,True
fdata,memory,LightGBM,seed_sweep,,16315867,2,,fit_seconds,75.05507927405415,diagnostic,joblib:data/interim/fdata_memory_seedvar_lgbm.joblib,True
fdata,memory,LightGBM,seed_sweep,,16315867,3,,fit_seconds,75.11559719895013,diagnostic,joblib:data/interim/fdata_memory_seedvar_lgbm.joblib,True
fdata,memory,LightGBM,seed_sweep,,16315867,4,,fit_seconds,74.75485454802401,diagnostic,joblib:data/interim/fdata_memory_seedvar_lgbm.joblib,True
fdata,memory,LightGBM,seed_sweep,,16315867,0,raw,R2,0.8668050422629425,diagnostic,joblib:data/interim/fdata_memory_seedvar_lgbm.joblib,True
fdata,memory,LightGBM,seed_sweep,,16315867,1,raw,R2,0.8560317771858358,diagnostic,joblib:data/interim/fdata_memory_seedvar_lgbm.joblib,True
fdata,memory,LightGBM,seed_sweep,,16315867,2,raw,R2,0.8535214384045895,diagnostic,joblib:data/interim/fdata_memory_seedvar_lgbm.joblib,True
fdata,memory,LightGBM,seed_sweep,,16315867,3,raw,R2,0.851075422716962,diagnostic,joblib:data/interim/fdata_memory_seedvar_lgbm.joblib,True
fdata,memory,LightGBM,seed_sweep,,16315867,4,raw,R2,0.8680580057284414,diagnostic,joblib:data/interim/fdata_memory_seedvar_lgbm.joblib,True
fdata,memory,Naive,,,16315867,,raw,MAE,4864233396.706387,adopted,joblib:data/interim/fdata_memory_prepared.joblib,False
fdata,memory,Naive,,,16315867,,raw,MAPE,176.8625250598381,adopted,joblib:data/interim/fdata_memory_prepared.joblib,False
fdata,memory,Naive,,,16315867,,raw,MedAE,1702756352.0,adopted,joblib:data/interim/fdata_memory_prepared.joblib,False
fdata,memory,Naive,,,16315867,,raw,R2,-0.24869282242622703,adopted,joblib:data/interim/fdata_memory_prepared.joblib,False
fdata,memory,Naive,,,16315867,,raw,RMSE,8046231320.147559,adopted,joblib:data/interim/fdata_memory_prepared.joblib,False
fdata,memory,Naive,,,16315867,,raw,Within20pct,29.973440167584936,adopted,joblib:data/interim/fdata_memory_prepared.joblib,False
fdata,memory,RandomForest,,,5000000,0,,fit_seconds,1181.5,adopted,recovered_from_notebook:notebooks/05b_classical_ml_memory.ipynb#cell34,False
fdata,memory,RandomForest,,,5000000,0,log,MAE,0.2443,adopted,recovered_from_notebook:notebooks/05b_classical_ml_memory.ipynb#cell34,False
fdata,memory,RandomForest,,,5000000,0,log,MAPE,1.1449,adopted,recovered_from_notebook:notebooks/05b_classical_ml_memory.ipynb#cell34,False
fdata,memory,RandomForest,,,5000000,0,log,MedAE,0.112,adopted,recovered_from_notebook:notebooks/05b_classical_ml_memory.ipynb#cell34,False
fdata,memory,RandomForest,,,5000000,0,log,R2,0.8875,adopted,recovered_from_notebook:notebooks/05b_classical_ml_memory.ipynb#cell34,False
fdata,memory,RandomForest,,,5000000,0,log,RMSE,0.4969,adopted,recovered_from_notebook:notebooks/05b_classical_ml_memory.ipynb#cell34,False
fdata,memory,RandomForest,,,5000000,0,log,Within20pct,99.7085,adopted,recovered_from_notebook:notebooks/05b_classical_ml_memory.ipynb#cell34,False
fdata,memory,RandomForest,,,5000000,0,raw,MAE,1420149000.0,adopted,recovered_from_notebook:notebooks/05b_classical_ml_memory.ipynb#cell34,False
fdata,memory,RandomForest,,,5000000,0,raw,MAPE,79.6985,adopted,recovered_from_notebook:notebooks/05b_classical_ml_memory.ipynb#cell34,False
fdata,memory,RandomForest,,,5000000,0,raw,MedAE,411640500.0,adopted,recovered_from_notebook:notebooks/05b_classical_ml_memory.ipynb#cell34,False
fdata,memory,RandomForest,,,5000000,0,raw,R2,0.8246,adopted,recovered_from_notebook:notebooks/05b_classical_ml_memory.ipynb#cell34,False
fdata,memory,RandomForest,,,5000000,0,raw,RMSE,3015326000.0,adopted,recovered_from_notebook:notebooks/05b_classical_ml_memory.ipynb#cell34,False
fdata,memory,RandomForest,,,5000000,0,raw,Within20pct,69.7484,adopted,recovered_from_notebook:notebooks/05b_classical_ml_memory.ipynb#cell34,False
fdata,memory,RandomForest,seed_sweep,,5000000,0,,fit_seconds,1192.0989696009783,diagnostic,joblib:data/interim/fdata_memory_seedvar_rf.joblib,True
fdata,memory,RandomForest,seed_sweep,,5000000,1,,fit_seconds,1187.7372565020341,diagnostic,joblib:data/interim/fdata_memory_seedvar_rf.joblib,True
fdata,memory,RandomForest,seed_sweep,,5000000,2,,fit_seconds,1195.1621426460333,diagnostic,joblib:data/interim/fdata_memory_seedvar_rf.joblib,True
fdata,memory,RandomForest,seed_sweep,,5000000,0,raw,R2,0.8246365098985982,diagnostic,joblib:data/interim/fdata_memory_seedvar_rf.joblib,True
fdata,memory,RandomForest,seed_sweep,,5000000,1,raw,R2,0.8234131799691443,diagnostic,joblib:data/interim/fdata_memory_seedvar_rf.joblib,True
fdata,memory,RandomForest,seed_sweep,,5000000,2,raw,R2,0.8148517913727094,diagnostic,joblib:data/interim/fdata_memory_seedvar_rf.joblib,True
fdata,memory,XGBoost,,hist,16315867,0,,fit_seconds,34.8,adopted,recovered_from_notebook:notebooks/05b_classical_ml_memory.ipynb#cell34,False
fdata,memory,XGBoost,,hist,16315867,0,log,MAE,0.2752,adopted,recovered_from_notebook:notebooks/05b_classical_ml_memory.ipynb#cell34,False
fdata,memory,XGBoost,,hist,16315867,0,log,MAPE,1.2869,adopted,recovered_from_notebook:notebooks/05b_classical_ml_memory.ipynb#cell34,False
fdata,memory,XGBoost,,hist,16315867,0,log,MedAE,0.1351,adopted,recovered_from_notebook:notebooks/05b_classical_ml_memory.ipynb#cell34,False
fdata,memory,XGBoost,,hist,16315867,0,log,R2,0.8737,adopted,recovered_from_notebook:notebooks/05b_classical_ml_memory.ipynb#cell34,False
fdata,memory,XGBoost,,hist,16315867,0,log,RMSE,0.5264,adopted,recovered_from_notebook:notebooks/05b_classical_ml_memory.ipynb#cell34,False
fdata,memory,XGBoost,,hist,16315867,0,log,Within20pct,99.7089,adopted,recovered_from_notebook:notebooks/05b_classical_ml_memory.ipynb#cell34,False
fdata,memory,XGBoost,,hist,16315867,0,raw,MAE,1587637000.0,adopted,recovered_from_notebook:notebooks/05b_classical_ml_memory.ipynb#cell34,False
fdata,memory,XGBoost,,hist,16315867,0,raw,MAPE,77.2856,adopted,recovered_from_notebook:notebooks/05b_classical_ml_memory.ipynb#cell34,False
fdata,memory,XGBoost,,hist,16315867,0,raw,MedAE,490436600.0,adopted,recovered_from_notebook:notebooks/05b_classical_ml_memory.ipynb#cell34,False
fdata,memory,XGBoost,,hist,16315867,0,raw,R2,0.807,adopted,recovered_from_notebook:notebooks/05b_classical_ml_memory.ipynb#cell34,False
fdata,memory,XGBoost,,hist,16315867,0,raw,RMSE,3163314000.0,adopted,recovered_from_notebook:notebooks/05b_classical_ml_memory.ipynb#cell34,False
fdata,memory,XGBoost,,hist,16315867,0,raw,Within20pct,63.9724,adopted,recovered_from_notebook:notebooks/05b_classical_ml_memory.ipynb#cell34,False
fdata,memory,XGBoost,seed2_outlier_diagnostic,exact,16315867,2,log,R2,0.8830563497577233,diagnostic,joblib:data/interim/fdata_memory_xgb_exact_seed2_diagnostic.joblib,False
fdata,memory,XGBoost,seed2_outlier_diagnostic,exact,16315867,2,log,train_R2,0.9496903301309605,diagnostic,joblib:data/interim/fdata_memory_xgb_exact_seed2_diagnostic.joblib,False
fdata,memory,XGBoost,seed2_outlier_diagnostic,exact,16315867,2,raw,R2,0.8495001071449589,diagnostic,joblib:data/interim/fdata_memory_xgb_exact_seed2_diagnostic.joblib,False
fdata,memory,XGBoost,seed4_outlier_diagnostic,exact,16315867,4,log,R2,0.8600712223850352,diagnostic,joblib:data/interim/fdata_memory_xgb_exact_seed4_diagnostic.joblib,False
fdata,memory,XGBoost,seed4_outlier_diagnostic,exact,16315867,4,log,train_R2,0.9463338233968189,diagnostic,joblib:data/interim/fdata_memory_xgb_exact_seed4_diagnostic.joblib,False
fdata,memory,XGBoost,seed4_outlier_diagnostic,exact,16315867,4,raw,R2,0.7354404694417458,diagnostic,joblib:data/interim/fdata_memory_xgb_exact_seed4_diagnostic.joblib,False
fdata,memory,XGBoost,seed_sweep,hist,16315867,0,,fit_seconds,33.67374226899119,diagnostic,joblib:data/interim/fdata_memory_seedvar_xgb.joblib,True
fdata,memory,XGBoost,seed_sweep,hist,16315867,1,,fit_seconds,33.13623349403497,diagnostic,joblib:data/interim/fdata_memory_seedvar_xgb.joblib,True
fdata,memory,XGBoost,seed_sweep,hist,16315867,2,,fit_seconds,33.25750216701999,diagnostic,joblib:data/interim/fdata_memory_seedvar_xgb.joblib,True
fdata,memory,XGBoost,seed_sweep,hist,16315867,3,,fit_seconds,34.04251231899252,diagnostic,joblib:data/interim/fdata_memory_seedvar_xgb.joblib,True
fdata,memory,XGBoost,seed_sweep,hist,16315867,4,,fit_seconds,33.188745709951036,diagnostic,joblib:data/interim/fdata_memory_seedvar_xgb.joblib,True
fdata,memory,XGBoost,seed_sweep,hist,16315867,0,raw,R2,0.8070009409044379,diagnostic,joblib:data/interim/fdata_memory_seedvar_xgb.joblib,True
fdata,memory,XGBoost,seed_sweep,hist,16315867,1,raw,R2,0.8367789552431613,diagnostic,joblib:data/interim/fdata_memory_seedvar_xgb.joblib,True
fdata,memory,XGBoost,seed_sweep,hist,16315867,2,raw,R2,0.8385793458406451,diagnostic,joblib:data/interim/fdata_memory_seedvar_xgb.joblib,True
fdata,memory,XGBoost,seed_sweep,hist,16315867,3,raw,R2,0.8497870320763151,diagnostic,joblib:data/interim/fdata_memory_seedvar_xgb.joblib,True
fdata,memory,XGBoost,seed_sweep,hist,16315867,4,raw,R2,0.8466699094031525,diagnostic,joblib:data/interim/fdata_memory_seedvar_xgb.joblib,True
fdata,memory,XGBoost,seed_sweep_alt_tree_method,exact,16315867,0,,fit_seconds,679.0901923199999,diagnostic,joblib:data/interim/fdata_memory_seedvar_xgb_exact.joblib,True
fdata,memory,XGBoost,seed_sweep_alt_tree_method,exact,16315867,1,,fit_seconds,680.242322377977,diagnostic,joblib:data/interim/fdata_memory_seedvar_xgb_exact.joblib,True
fdata,memory,XGBoost,seed_sweep_alt_tree_method,exact,16315867,2,,fit_seconds,677.6616605210002,diagnostic,joblib:data/interim/fdata_memory_seedvar_xgb_exact.joblib,True
fdata,memory,XGBoost,seed_sweep_alt_tree_method,exact,16315867,3,,fit_seconds,675.3723266010056,diagnostic,joblib:data/interim/fdata_memory_seedvar_xgb_exact.joblib,True
fdata,memory,XGBoost,seed_sweep_alt_tree_method,exact,16315867,4,,fit_seconds,675.5809277020162,diagnostic,joblib:data/interim/fdata_memory_seedvar_xgb_exact.joblib,True
fdata,memory,XGBoost,seed_sweep_alt_tree_method,exact,16315867,0,raw,R2,0.8423729177490202,diagnostic,joblib:data/interim/fdata_memory_seedvar_xgb_exact.joblib,True
fdata,memory,XGBoost,seed_sweep_alt_tree_method,exact,16315867,1,raw,R2,0.838655832002457,diagnostic,joblib:data/interim/fdata_memory_seedvar_xgb_exact.joblib,True
fdata,memory,XGBoost,seed_sweep_alt_tree_method,exact,16315867,2,raw,R2,0.8495001071449589,diagnostic,joblib:data/interim/fdata_memory_seedvar_xgb_exact.joblib,True
fdata,memory,XGBoost,seed_sweep_alt_tree_method,exact,16315867,3,raw,R2,0.835430362463163,diagnostic,joblib:data/interim/fdata_memory_seedvar_xgb_exact.joblib,True
fdata,memory,XGBoost,seed_sweep_alt_tree_method,exact,16315867,4,raw,R2,0.7354404694417458,diagnostic,joblib:data/interim/fdata_memory_seedvar_xgb_exact.joblib,True
fdata,power,CalibratedFDataPowerModel,,,16315866,,,fit_seconds,105.56682684301632,adopted,joblib:data/interim/fdata_power_calibrated_baseline.joblib,False
fdata,power,CalibratedFDataPowerModel,,,16315866,,raw,MAE,1293.1782540104784,adopted,joblib:data/interim/fdata_power_calibrated_baseline.joblib,False
fdata,power,CalibratedFDataPowerModel,,,16315866,,raw,MAPE,514.4758112932082,adopted,joblib:data/interim/fdata_power_calibrated_baseline.joblib,False
fdata,power,CalibratedFDataPowerModel,,,16315866,,raw,MedAE,60.010719571596624,adopted,joblib:data/interim/fdata_power_calibrated_baseline.joblib,False
fdata,power,CalibratedFDataPowerModel,,,16315866,,raw,R2,0.9775433474047817,adopted,joblib:data/interim/fdata_power_calibrated_baseline.joblib,False
fdata,power,CalibratedFDataPowerModel,,,16315866,,raw,RMSE,9170.854543864298,adopted,joblib:data/interim/fdata_power_calibrated_baseline.joblib,False
fdata,power,CalibratedFDataPowerModel,,,16315866,,raw,Within20pct,43.54615521685048,adopted,joblib:data/interim/fdata_power_calibrated_baseline.joblib,False
fdata,power,LightGBM,,,16315866,0,,fit_seconds,144.9545307540102,adopted,joblib:data/interim/fdata_power_lgbm_result.joblib,False
fdata,power,LightGBM,,,16315866,0,log,MAE,0.0790532370589997,adopted,joblib:data/interim/fdata_power_lgbm_result.joblib,False
fdata,power,LightGBM,,,16315866,0,log,MAPE,1.4916288080688815,adopted,joblib:data/interim/fdata_power_lgbm_result.joblib,False
fdata,power,LightGBM,,,16315866,0,log,MedAE,0.04808839351866423,adopted,joblib:data/interim/fdata_power_lgbm_result.joblib,False
fdata,power,LightGBM,,,16315866,0,log,R2,0.9940276087081268,adopted,joblib:data/interim/fdata_power_lgbm_result.joblib,False
fdata,power,LightGBM,,,16315866,0,log,RMSE,0.13222881598239236,adopted,joblib:data/interim/fdata_power_lgbm_result.joblib,False
fdata,power,LightGBM,,,16315866,0,log,Within20pct,99.95935653471697,adopted,joblib:data/interim/fdata_power_lgbm_result.joblib,False
fdata,power,LightGBM,,,16315866,0,raw,MAE,448.8425008414589,adopted,joblib:data/interim/fdata_power_lgbm_result.joblib,False
fdata,power,LightGBM,,,16315866,0,raw,MAPE,7.932444868743778,adopted,joblib:data/interim/fdata_power_lgbm_result.joblib,False
fdata,power,LightGBM,,,16315866,0,raw,MedAE,7.273279045151632,adopted,joblib:data/interim/fdata_power_lgbm_result.joblib,False
fdata,power,LightGBM,,,16315866,0,raw,R2,0.9854908785478053,adopted,joblib:data/interim/fdata_power_lgbm_result.joblib,False
fdata,power,LightGBM,,,16315866,0,raw,RMSE,7371.533662084174,adopted,joblib:data/interim/fdata_power_lgbm_result.joblib,False
fdata,power,LightGBM,,,16315866,0,raw,Within20pct,91.58096787507326,adopted,joblib:data/interim/fdata_power_lgbm_result.joblib,False
fdata,power,LightGBM,seed_sweep,,16315866,0,,fit_seconds,144.9545307540102,diagnostic,joblib:data/interim/fdata_power_seedvar_lgbm.joblib,True
fdata,power,LightGBM,seed_sweep,,16315866,1,,fit_seconds,145.10591031599324,diagnostic,joblib:data/interim/fdata_power_seedvar_lgbm.joblib,True
fdata,power,LightGBM,seed_sweep,,16315866,2,,fit_seconds,115.83407691004686,diagnostic,joblib:data/interim/fdata_power_seedvar_lgbm.joblib,True
fdata,power,LightGBM,seed_sweep,,16315866,3,,fit_seconds,115.89747271698434,diagnostic,joblib:data/interim/fdata_power_seedvar_lgbm.joblib,True
fdata,power,LightGBM,seed_sweep,,16315866,4,,fit_seconds,118.25618383596884,diagnostic,joblib:data/interim/fdata_power_seedvar_lgbm.joblib,True
fdata,power,LightGBM,seed_sweep,,16315866,0,raw,R2,0.9854908785478053,diagnostic,joblib:data/interim/fdata_power_seedvar_lgbm.joblib,True
fdata,power,LightGBM,seed_sweep,,16315866,1,raw,R2,0.9854639451613927,diagnostic,joblib:data/interim/fdata_power_seedvar_lgbm.joblib,True
fdata,power,LightGBM,seed_sweep,,16315866,2,raw,R2,0.9856609754583086,diagnostic,joblib:data/interim/fdata_power_seedvar_lgbm.joblib,True
fdata,power,LightGBM,seed_sweep,,16315866,3,raw,R2,0.9846997077867887,diagnostic,joblib:data/interim/fdata_power_seedvar_lgbm.joblib,True
fdata,power,LightGBM,seed_sweep,,16315866,4,raw,R2,0.9816735897321548,diagnostic,joblib:data/interim/fdata_power_seedvar_lgbm.joblib,True
fdata,power,Naive,,,16315866,,raw,MAE,4652.155153232442,adopted,joblib:data/interim/fdata_power_prepared.joblib,False
fdata,power,Naive,,,16315866,,raw,MAPE,870.1884186453706,adopted,joblib:data/interim/fdata_power_prepared.joblib,False
fdata,power,Naive,,,16315866,,raw,MedAE,32.19363025,adopted,joblib:data/interim/fdata_power_prepared.joblib,False
fdata,power,Naive,,,16315866,,raw,R2,-0.07737549364925878,adopted,joblib:data/interim/fdata_power_prepared.joblib,False
fdata,power,Naive,,,16315866,,raw,RMSE,63521.5140998049,adopted,joblib:data/interim/fdata_power_prepared.joblib,False
fdata,power,Naive,,,16315866,,raw,Within20pct,40.33264717096026,adopted,joblib:data/interim/fdata_power_prepared.joblib,False
fdata,power,RandomForest,,,5000000,0,,fit_seconds,1824.7354109330045,adopted,joblib:data/interim/fdata_power_rf_result.joblib,False
fdata,power,RandomForest,,,5000000,0,log,MAE,0.06834136814724404,adopted,joblib:data/interim/fdata_power_rf_result.joblib,False
fdata,power,RandomForest,,,5000000,0,log,MAPE,1.2664507138672203,adopted,joblib:data/interim/fdata_power_rf_result.joblib,False
fdata,power,RandomForest,,,5000000,0,log,MedAE,0.029952120629962886,adopted,joblib:data/interim/fdata_power_rf_result.joblib,False
fdata,power,RandomForest,,,5000000,0,log,R2,0.9947203076333601,adopted,joblib:data/interim/fdata_power_rf_result.joblib,False
fdata,power,RandomForest,,,5000000,0,log,RMSE,0.124324376941736,adopted,joblib:data/interim/fdata_power_rf_result.joblib,False
fdata,power,RandomForest,,,5000000,0,log,Within20pct,99.95320710119422,adopted,joblib:data/interim/fdata_power_rf_result.joblib,False
fdata,power,RandomForest,,,5000000,0,raw,MAE,357.4388588488182,adopted,joblib:data/interim/fdata_power_rf_result.joblib,False
fdata,power,RandomForest,,,5000000,0,raw,MAPE,6.9199086711078035,adopted,joblib:data/interim/fdata_power_rf_result.joblib,False
fdata,power,RandomForest,,,5000000,0,raw,MedAE,4.84523402892512,adopted,joblib:data/interim/fdata_power_rf_result.joblib,False
fdata,power,RandomForest,,,5000000,0,raw,R2,0.9855842117050801,adopted,joblib:data/interim/fdata_power_rf_result.joblib,False
fdata,power,RandomForest,,,5000000,0,raw,RMSE,7347.785893205804,adopted,joblib:data/interim/fdata_power_rf_result.joblib,False
fdata,power,RandomForest,,,5000000,0,raw,Within20pct,92.21451683900813,adopted,joblib:data/interim/fdata_power_rf_result.joblib,False
fdata,power,RandomForest,seed_sweep,,5000000,0,,fit_seconds,1824.7354109330045,diagnostic,joblib:data/interim/fdata_power_seedvar_rf.joblib,True
fdata,power,RandomForest,seed_sweep,,5000000,1,,fit_seconds,1833.0801263649482,diagnostic,joblib:data/interim/fdata_power_seedvar_rf.joblib,True
fdata,power,RandomForest,seed_sweep,,5000000,2,,fit_seconds,1797.575847212982,diagnostic,joblib:data/interim/fdata_power_seedvar_rf.joblib,True
fdata,power,RandomForest,seed_sweep,,5000000,0,raw,R2,0.9855842117050801,diagnostic,joblib:data/interim/fdata_power_seedvar_rf.joblib,True
fdata,power,RandomForest,seed_sweep,,5000000,1,raw,R2,0.9847386350477721,diagnostic,joblib:data/interim/fdata_power_seedvar_rf.joblib,True
fdata,power,RandomForest,seed_sweep,,5000000,2,raw,R2,0.9863534978581252,diagnostic,joblib:data/interim/fdata_power_seedvar_rf.joblib,True
fdata,power,XGBoost,,exact,16315866,0,,fit_seconds,3531.5260701710067,adopted,joblib:data/interim/fdata_power_xgb_result.joblib,False
fdata,power,XGBoost,,exact,16315866,0,log,MAE,0.07542073229522318,adopted,joblib:data/interim/fdata_power_xgb_result.joblib,False
fdata,power,XGBoost,,exact,16315866,0,log,MAPE,1.4115829570249003,adopted,joblib:data/interim/fdata_power_xgb_result.joblib,False
fdata,power,XGBoost,,exact,16315866,0,log,MedAE,0.04192739504397469,adopted,joblib:data/interim/fdata_power_xgb_result.joblib,False
fdata,power,XGBoost,,exact,16315866,0,log,R2,0.9944486423065205,adopted,joblib:data/interim/fdata_power_xgb_result.joblib,False
fdata,power,XGBoost,,exact,16315866,0,log,RMSE,0.12748279835642237,adopted,joblib:data/interim/fdata_power_xgb_result.joblib,False
fdata,power,XGBoost,,exact,16315866,0,log,Within20pct,99.84780867081568,adopted,joblib:data/interim/fdata_power_xgb_result.joblib,False
fdata,power,XGBoost,,exact,16315866,0,raw,MAE,399.4546843591935,adopted,joblib:data/interim/fdata_power_xgb_result.joblib,False
fdata,power,XGBoost,,exact,16315866,0,raw,MAPE,7.620198744890455,adopted,joblib:data/interim/fdata_power_xgb_result.joblib,False
fdata,power,XGBoost,,exact,16315866,0,raw,MedAE,6.177692484252926,adopted,joblib:data/interim/fdata_power_xgb_result.joblib,False
fdata,power,XGBoost,,exact,16315866,0,raw,R2,0.9888499912058819,adopted,joblib:data/interim/fdata_power_xgb_result.joblib,False
fdata,power,XGBoost,,exact,16315866,0,raw,RMSE,6462.1182366989815,adopted,joblib:data/interim/fdata_power_xgb_result.joblib,False
fdata,power,XGBoost,,exact,16315866,0,raw,Within20pct,92.85934929840684,adopted,joblib:data/interim/fdata_power_xgb_result.joblib,False
fdata,power,XGBoost,seed_sweep,exact,16315866,0,,fit_seconds,3531.5260701710067,diagnostic,joblib:data/interim/fdata_power_seedvar_xgb_fullscale.joblib,True
fdata,power,XGBoost,seed_sweep,exact,16315866,1,,fit_seconds,3531.156410306983,diagnostic,joblib:data/interim/fdata_power_seedvar_xgb_fullscale.joblib,True
fdata,power,XGBoost,seed_sweep,exact,16315866,2,,fit_seconds,3498.036472290987,diagnostic,joblib:data/interim/fdata_power_seedvar_xgb_fullscale.joblib,True
fdata,power,XGBoost,seed_sweep,exact,16315866,3,,fit_seconds,3542.7119996279944,diagnostic,joblib:data/interim/fdata_power_seedvar_xgb_fullscale.joblib,True
fdata,power,XGBoost,seed_sweep,exact,16315866,4,,fit_seconds,3504.6103476860444,diagnostic,joblib:data/interim/fdata_power_seedvar_xgb_fullscale.joblib,True
fdata,power,XGBoost,seed_sweep,exact,16315866,0,raw,R2,0.9888499912058819,diagnostic,joblib:data/interim/fdata_power_seedvar_xgb_fullscale.joblib,True
fdata,power,XGBoost,seed_sweep,exact,16315866,1,raw,R2,0.990262447875665,diagnostic,joblib:data/interim/fdata_power_seedvar_xgb_fullscale.joblib,True
fdata,power,XGBoost,seed_sweep,exact,16315866,2,raw,R2,0.9885062461789783,diagnostic,joblib:data/interim/fdata_power_seedvar_xgb_fullscale.joblib,True
fdata,power,XGBoost,seed_sweep,exact,16315866,3,raw,R2,0.9891643543605686,diagnostic,joblib:data/interim/fdata_power_seedvar_xgb_fullscale.joblib,True
fdata,power,XGBoost,seed_sweep,exact,16315866,4,raw,R2,0.9899404330933792,diagnostic,joblib:data/interim/fdata_power_seedvar_xgb_fullscale.joblib,True
fdata,power,XGBoost,seed_sweep_reduced_1M_sample,exact,1000000,0,,fit_seconds,174.54692326800432,diagnostic,joblib:data/interim/fdata_power_seedvar_xgb.joblib,True
fdata,power,XGBoost,seed_sweep_reduced_1M_sample,exact,1000000,1,,fit_seconds,172.50064593198476,diagnostic,joblib:data/interim/fdata_power_seedvar_xgb.joblib,True
fdata,power,XGBoost,seed_sweep_reduced_1M_sample,exact,1000000,2,,fit_seconds,167.41403039102443,diagnostic,joblib:data/interim/fdata_power_seedvar_xgb.joblib,True
fdata,power,XGBoost,seed_sweep_reduced_1M_sample,exact,1000000,3,,fit_seconds,172.09221982903546,diagnostic,joblib:data/interim/fdata_power_seedvar_xgb.joblib,True
fdata,power,XGBoost,seed_sweep_reduced_1M_sample,exact,1000000,4,,fit_seconds,162.31474465399515,diagnostic,joblib:data/interim/fdata_power_seedvar_xgb.joblib,True
fdata,power,XGBoost,seed_sweep_reduced_1M_sample,exact,1000000,0,raw,R2,0.9811909991941655,diagnostic,joblib:data/interim/fdata_power_seedvar_xgb.joblib,True
fdata,power,XGBoost,seed_sweep_reduced_1M_sample,exact,1000000,1,raw,R2,0.9850647043693098,diagnostic,joblib:data/interim/fdata_power_seedvar_xgb.joblib,True
fdata,power,XGBoost,seed_sweep_reduced_1M_sample,exact,1000000,2,raw,R2,0.9753294556374842,diagnostic,joblib:data/interim/fdata_power_seedvar_xgb.joblib,True
fdata,power,XGBoost,seed_sweep_reduced_1M_sample,exact,1000000,3,raw,R2,0.9800083442903489,diagnostic,joblib:data/interim/fdata_power_seedvar_xgb.joblib,True
fdata,power,XGBoost,seed_sweep_reduced_1M_sample,exact,1000000,4,raw,R2,0.987482072236434,diagnostic,joblib:data/interim/fdata_power_seedvar_xgb.joblib,True
pm100,duration,LightGBM,,,126217,0,,fit_seconds,0.3154566590092145,adopted,joblib:data/interim/pm100_duration_lgbm_result.joblib,False
pm100,duration,LightGBM,,,126217,0,log,MAE,0.8347632699662656,adopted,joblib:data/interim/pm100_duration_lgbm_result.joblib,False
pm100,duration,LightGBM,,,126217,0,log,MAPE,70.5244899564722,adopted,joblib:data/interim/pm100_duration_lgbm_result.joblib,False
pm100,duration,LightGBM,,,126217,0,log,MedAE,0.8641591267658312,adopted,joblib:data/interim/pm100_duration_lgbm_result.joblib,False
pm100,duration,LightGBM,,,126217,0,log,R2,0.9027221672632707,adopted,joblib:data/interim/pm100_duration_lgbm_result.joblib,False
pm100,duration,LightGBM,,,126217,0,log,RMSE,1.0578478729965992,adopted,joblib:data/interim/pm100_duration_lgbm_result.joblib,False
pm100,duration,LightGBM,,,126217,0,log,Within20pct,41.33136094674556,adopted,joblib:data/interim/pm100_duration_lgbm_result.joblib,False
pm100,duration,LightGBM,,,126217,0,raw,MAE,1666.2221392725319,adopted,joblib:data/interim/pm100_duration_lgbm_result.joblib,False
pm100,duration,LightGBM,,,126217,0,raw,MAPE,502.36887653289557,adopted,joblib:data/interim/pm100_duration_lgbm_result.joblib,False
pm100,duration,LightGBM,,,126217,0,raw,MedAE,5.579090560080855,adopted,joblib:data/interim/pm100_duration_lgbm_result.joblib,False
pm100,duration,LightGBM,,,126217,0,raw,R2,0.6993804023838753,adopted,joblib:data/interim/pm100_duration_lgbm_result.joblib,False
pm100,duration,LightGBM,,,126217,0,raw,RMSE,6742.436730824064,adopted,joblib:data/interim/pm100_duration_lgbm_result.joblib,False
pm100,duration,LightGBM,,,126217,0,raw,Within20pct,15.441937869822485,adopted,joblib:data/interim/pm100_duration_lgbm_result.joblib,False
pm100,duration,LightGBM,ext200_trials,,126217,0,,fit_seconds,0.5747494070092216,investigated_rejected,joblib:data/interim/pm100_duration_ext200_lgbm_result.joblib,False
pm100,duration,LightGBM,ext200_trials,,126217,0,log,MAE,1.7974906355796305,investigated_rejected,joblib:data/interim/pm100_duration_ext200_lgbm_result.joblib,False
pm100,duration,LightGBM,ext200_trials,,126217,0,log,MAPE,176.75431758776142,investigated_rejected,joblib:data/interim/pm100_duration_ext200_lgbm_result.joblib,False
pm100,duration,LightGBM,ext200_trials,,126217,0,log,MedAE,2.0892357285606176,investigated_rejected,joblib:data/interim/pm100_duration_ext200_lgbm_result.joblib,False
pm100,duration,LightGBM,ext200_trials,,126217,0,log,R2,0.6265895007912368,investigated_rejected,joblib:data/interim/pm100_duration_ext200_lgbm_result.joblib,False
pm100,duration,LightGBM,ext200_trials,,126217,0,log,RMSE,2.072571569508637,investigated_rejected,joblib:data/interim/pm100_duration_ext200_lgbm_result.joblib,False
pm100,duration,LightGBM,ext200_trials,,126217,0,log,Within20pct,33.30806213017751,investigated_rejected,joblib:data/interim/pm100_duration_ext200_lgbm_result.joblib,False
pm100,duration,LightGBM,ext200_trials,,126217,0,raw,MAE,1914.8554235900392,investigated_rejected,joblib:data/interim/pm100_duration_ext200_lgbm_result.joblib,False
pm100,duration,LightGBM,ext200_trials,,126217,0,raw,MAPE,1590.6519273704826,investigated_rejected,joblib:data/interim/pm100_duration_ext200_lgbm_result.joblib,False
pm100,duration,LightGBM,ext200_trials,,126217,0,raw,MedAE,35.698480959592864,investigated_rejected,joblib:data/interim/pm100_duration_ext200_lgbm_result.joblib,False
pm100,duration,LightGBM,ext200_trials,,126217,0,raw,R2,0.6257247852880268,investigated_rejected,joblib:data/interim/pm100_duration_ext200_lgbm_result.joblib,False
pm100,duration,LightGBM,ext200_trials,,126217,0,raw,RMSE,7523.220127567727,investigated_rejected,joblib:data/interim/pm100_duration_ext200_lgbm_result.joblib,False
pm100,duration,LightGBM,ext200_trials,,126217,0,raw,Within20pct,9.46190828402367,investigated_rejected,joblib:data/interim/pm100_duration_ext200_lgbm_result.joblib,False
pm100,duration,LightGBM,seed_sweep,,126217,0,,fit_seconds,0.33613371098181233,diagnostic,joblib:data/interim/pm100_duration_seedvar_lgbm.joblib,True
pm100,duration,LightGBM,seed_sweep,,126217,1,,fit_seconds,0.3181002769852057,diagnostic,joblib:data/interim/pm100_duration_seedvar_lgbm.joblib,True
pm100,duration,LightGBM,seed_sweep,,126217,2,,fit_seconds,0.2997077190084383,diagnostic,joblib:data/interim/pm100_duration_seedvar_lgbm.joblib,True
pm100,duration,LightGBM,seed_sweep,,126217,3,,fit_seconds,0.307939157995861,diagnostic,joblib:data/interim/pm100_duration_seedvar_lgbm.joblib,True
pm100,duration,LightGBM,seed_sweep,,126217,4,,fit_seconds,0.3252230799989775,diagnostic,joblib:data/interim/pm100_duration_seedvar_lgbm.joblib,True
pm100,duration,LightGBM,seed_sweep,,126217,0,raw,R2,0.6993804023838753,diagnostic,joblib:data/interim/pm100_duration_seedvar_lgbm.joblib,True
pm100,duration,LightGBM,seed_sweep,,126217,1,raw,R2,0.7032463106502078,diagnostic,joblib:data/interim/pm100_duration_seedvar_lgbm.joblib,True
pm100,duration,LightGBM,seed_sweep,,126217,2,raw,R2,0.6994816435757993,diagnostic,joblib:data/interim/pm100_duration_seedvar_lgbm.joblib,True
pm100,duration,LightGBM,seed_sweep,,126217,3,raw,R2,0.6880837277176668,diagnostic,joblib:data/interim/pm100_duration_seedvar_lgbm.joblib,True
pm100,duration,LightGBM,seed_sweep,,126217,4,raw,R2,0.6935775073830548,diagnostic,joblib:data/interim/pm100_duration_seedvar_lgbm.joblib,True
pm100,duration,Naive,,,126217,,raw,MAE,2250.8896345183293,adopted,joblib:data/interim/pm100_duration_prepared.joblib,False
pm100,duration,Naive,,,126217,,raw,MAPE,582.3069313698559,adopted,joblib:data/interim/pm100_duration_prepared.joblib,False
pm100,duration,Naive,,,126217,,raw,MedAE,3.0,adopted,joblib:data/interim/pm100_duration_prepared.joblib,False
pm100,duration,Naive,,,126217,,raw,R2,0.40879809242893905,adopted,joblib:data/interim/pm100_duration_prepared.joblib,False
pm100,duration,Naive,,,126217,,raw,RMSE,9455.318196956741,adopted,joblib:data/interim/pm100_duration_prepared.joblib,False
pm100,duration,Naive,,,126217,,raw,Within20pct,9.776257396449704,adopted,joblib:data/interim/pm100_duration_prepared.joblib,False
pm100,duration,RandomForest,,,126217,0,,fit_seconds,0.7015150880033616,adopted,joblib:data/interim/pm100_duration_rf_result.joblib,False
pm100,duration,RandomForest,,,126217,0,log,MAE,1.2345411049553512,adopted,joblib:data/interim/pm100_duration_rf_result.joblib,False
pm100,duration,RandomForest,,,126217,0,log,MAPE,115.87081378198589,adopted,joblib:data/interim/pm100_duration_rf_result.joblib,False
pm100,duration,RandomForest,,,126217,0,log,MedAE,1.3465175760256336,adopted,joblib:data/interim/pm100_duration_rf_result.joblib,False
pm100,duration,RandomForest,,,126217,0,log,R2,0.8200810994384169,adopted,joblib:data/interim/pm100_duration_rf_result.joblib,False
pm100,duration,RandomForest,,,126217,0,log,RMSE,1.438648404082348,adopted,joblib:data/interim/pm100_duration_rf_result.joblib,False
pm100,duration,RandomForest,,,126217,0,log,Within20pct,39.24371301775148,adopted,joblib:data/interim/pm100_duration_rf_result.joblib,False
pm100,duration,RandomForest,,,126217,0,raw,MAE,1979.3650860826745,adopted,joblib:data/interim/pm100_duration_rf_result.joblib,False
pm100,duration,RandomForest,,,126217,0,raw,MAPE,712.8627173369456,adopted,joblib:data/interim/pm100_duration_rf_result.joblib,False
pm100,duration,RandomForest,,,126217,0,raw,MedAE,10.492078071614872,adopted,joblib:data/interim/pm100_duration_rf_result.joblib,False
pm100,duration,RandomForest,,,126217,0,raw,R2,0.6057006787263615,adopted,joblib:data/interim/pm100_duration_rf_result.joblib,False
pm100,duration,RandomForest,,,126217,0,raw,RMSE,7721.8480262130815,adopted,joblib:data/interim/pm100_duration_rf_result.joblib,False
pm100,duration,RandomForest,,,126217,0,raw,Within20pct,9.332470414201184,adopted,joblib:data/interim/pm100_duration_rf_result.joblib,False
pm100,duration,RandomForest,ext200_trials,,126217,0,,fit_seconds,0.6279411409923341,investigated_rejected,joblib:data/interim/pm100_duration_ext200_rf_result.joblib,False
pm100,duration,RandomForest,ext200_trials,,126217,0,log,MAE,1.2345411049553512,investigated_rejected,joblib:data/interim/pm100_duration_ext200_rf_result.joblib,False
pm100,duration,RandomForest,ext200_trials,,126217,0,log,MAPE,115.87081378198593,investigated_rejected,joblib:data/interim/pm100_duration_ext200_rf_result.joblib,False
pm100,duration,RandomForest,ext200_trials,,126217,0,log,MedAE,1.346517576025634,investigated_rejected,joblib:data/interim/pm100_duration_ext200_rf_result.joblib,False
pm100,duration,RandomForest,ext200_trials,,126217,0,log,R2,0.8200810994384169,investigated_rejected,joblib:data/interim/pm100_duration_ext200_rf_result.joblib,False
pm100,duration,RandomForest,ext200_trials,,126217,0,log,RMSE,1.4386484040823482,investigated_rejected,joblib:data/interim/pm100_duration_ext200_rf_result.joblib,False
pm100,duration,RandomForest,ext200_trials,,126217,0,log,Within20pct,39.24371301775148,investigated_rejected,joblib:data/interim/pm100_duration_ext200_rf_result.joblib,False
pm100,duration,RandomForest,ext200_trials,,126217,0,raw,MAE,1979.3650860826742,investigated_rejected,joblib:data/interim/pm100_duration_ext200_rf_result.joblib,False
pm100,duration,RandomForest,ext200_trials,,126217,0,raw,MAPE,712.8627173369457,investigated_rejected,joblib:data/interim/pm100_duration_ext200_rf_result.joblib,False
pm100,duration,RandomForest,ext200_trials,,126217,0,raw,MedAE,10.492078071614877,investigated_rejected,joblib:data/interim/pm100_duration_ext200_rf_result.joblib,False
pm100,duration,RandomForest,ext200_trials,,126217,0,raw,R2,0.6057006787263615,investigated_rejected,joblib:data/interim/pm100_duration_ext200_rf_result.joblib,False
pm100,duration,RandomForest,ext200_trials,,126217,0,raw,RMSE,7721.84802621308,investigated_rejected,joblib:data/interim/pm100_duration_ext200_rf_result.joblib,False
pm100,duration,RandomForest,ext200_trials,,126217,0,raw,Within20pct,9.332470414201184,investigated_rejected,joblib:data/interim/pm100_duration_ext200_rf_result.joblib,False
pm100,duration,RandomForest,seed_sweep,,126217,0,,fit_seconds,0.6472479560179636,diagnostic,joblib:data/interim/pm100_duration_seedvar_rf.joblib,True
pm100,duration,RandomForest,seed_sweep,,126217,1,,fit_seconds,0.6227855099714361,diagnostic,joblib:data/interim/pm100_duration_seedvar_rf.joblib,True
pm100,duration,RandomForest,seed_sweep,,126217,2,,fit_seconds,0.6334650360513479,diagnostic,joblib:data/interim/pm100_duration_seedvar_rf.joblib,True
pm100,duration,RandomForest,seed_sweep,,126217,3,,fit_seconds,0.637098012957722,diagnostic,joblib:data/interim/pm100_duration_seedvar_rf.joblib,True
pm100,duration,RandomForest,seed_sweep,,126217,4,,fit_seconds,0.6315165820415132,diagnostic,joblib:data/interim/pm100_duration_seedvar_rf.joblib,True
pm100,duration,RandomForest,seed_sweep,,126217,0,raw,R2,0.6057006787263615,diagnostic,joblib:data/interim/pm100_duration_seedvar_rf.joblib,True
pm100,duration,RandomForest,seed_sweep,,126217,1,raw,R2,0.6011307338907772,diagnostic,joblib:data/interim/pm100_duration_seedvar_rf.joblib,True
pm100,duration,RandomForest,seed_sweep,,126217,2,raw,R2,0.6161943162846664,diagnostic,joblib:data/interim/pm100_duration_seedvar_rf.joblib,True
pm100,duration,RandomForest,seed_sweep,,126217,3,raw,R2,0.6117384054246584,diagnostic,joblib:data/interim/pm100_duration_seedvar_rf.joblib,True
pm100,duration,RandomForest,seed_sweep,,126217,4,raw,R2,0.6020889395108475,diagnostic,joblib:data/interim/pm100_duration_seedvar_rf.joblib,True
pm100,duration,XGBoost,,hist,126217,0,,fit_seconds,0.4591304160130676,adopted,joblib:data/interim/pm100_duration_xgb_result.joblib,False
pm100,duration,XGBoost,,hist,126217,0,log,MAE,1.4681478778475137,adopted,joblib:data/interim/pm100_duration_xgb_result.joblib,False
pm100,duration,XGBoost,,hist,126217,0,log,MAPE,143.24389269984766,adopted,joblib:data/interim/pm100_duration_xgb_result.joblib,False
pm100,duration,XGBoost,,hist,126217,0,log,MedAE,1.6855819423652154,adopted,joblib:data/interim/pm100_duration_xgb_result.joblib,False
pm100,duration,XGBoost,,hist,126217,0,log,R2,0.7481135917366617,adopted,joblib:data/interim/pm100_duration_xgb_result.joblib,False
pm100,duration,XGBoost,,hist,126217,0,log,RMSE,1.7022315702029749,adopted,joblib:data/interim/pm100_duration_xgb_result.joblib,False
pm100,duration,XGBoost,,hist,126217,0,log,Within20pct,36.83247041420118,adopted,joblib:data/interim/pm100_duration_xgb_result.joblib,False
pm100,duration,XGBoost,,hist,126217,0,raw,MAE,1930.2485751106738,adopted,joblib:data/interim/pm100_duration_xgb_result.joblib,False
pm100,duration,XGBoost,,hist,126217,0,raw,MAPE,985.4282440565651,adopted,joblib:data/interim/pm100_duration_xgb_result.joblib,False
pm100,duration,XGBoost,,hist,126217,0,raw,MedAE,18.139450073242188,adopted,joblib:data/interim/pm100_duration_xgb_result.joblib,False
pm100,duration,XGBoost,,hist,126217,0,raw,R2,0.6185129593046861,adopted,joblib:data/interim/pm100_duration_xgb_result.joblib,False
pm100,duration,XGBoost,,hist,126217,0,raw,RMSE,7595.355922258898,adopted,joblib:data/interim/pm100_duration_xgb_result.joblib,False
pm100,duration,XGBoost,,hist,126217,0,raw,Within20pct,10.66198224852071,adopted,joblib:data/interim/pm100_duration_xgb_result.joblib,False
pm100,duration,XGBoost,ext200_trials,hist,126217,0,,fit_seconds,0.3052268309984356,investigated_rejected,joblib:data/interim/pm100_duration_ext200_xgb_result.joblib,False
pm100,duration,XGBoost,ext200_trials,hist,126217,0,log,MAE,2.1836745293478104,investigated_rejected,joblib:data/interim/pm100_duration_ext200_xgb_result.joblib,False
pm100,duration,XGBoost,ext200_trials,hist,126217,0,log,MAPE,229.6102565450934,investigated_rejected,joblib:data/interim/pm100_duration_ext200_xgb_result.joblib,False
pm100,duration,XGBoost,ext200_trials,hist,126217,0,log,MedAE,2.7842955787635306,investigated_rejected,joblib:data/interim/pm100_duration_ext200_xgb_result.joblib,False
pm100,duration,XGBoost,ext200_trials,hist,126217,0,log,R2,0.41355828812212725,investigated_rejected,joblib:data/interim/pm100_duration_ext200_xgb_result.joblib,False
pm100,duration,XGBoost,ext200_trials,hist,126217,0,log,RMSE,2.5973393812103844,investigated_rejected,joblib:data/interim/pm100_duration_ext200_xgb_result.joblib,False
pm100,duration,XGBoost,ext200_trials,hist,126217,0,log,Within20pct,36.62906804733728,investigated_rejected,joblib:data/interim/pm100_duration_ext200_xgb_result.joblib,False
pm100,duration,XGBoost,ext200_trials,hist,126217,0,raw,MAE,2018.2249505078603,investigated_rejected,joblib:data/interim/pm100_duration_ext200_xgb_result.joblib,False
pm100,duration,XGBoost,ext200_trials,hist,126217,0,raw,MAPE,3380.2320296151856,investigated_rejected,joblib:data/interim/pm100_duration_ext200_xgb_result.joblib,False
pm100,duration,XGBoost,ext200_trials,hist,126217,0,raw,MedAE,82.528076171875,investigated_rejected,joblib:data/interim/pm100_duration_ext200_xgb_result.joblib,False
pm100,duration,XGBoost,ext200_trials,hist,126217,0,raw,R2,0.5948550951867038,investigated_rejected,joblib:data/interim/pm100_duration_ext200_xgb_result.joblib,False
pm100,duration,XGBoost,ext200_trials,hist,126217,0,raw,RMSE,7827.3260703825745,investigated_rejected,joblib:data/interim/pm100_duration_ext200_xgb_result.joblib,False
pm100,duration,XGBoost,ext200_trials,hist,126217,0,raw,Within20pct,7.8513313609467446,investigated_rejected,joblib:data/interim/pm100_duration_ext200_xgb_result.joblib,False
pm100,duration,XGBoost,ext200_trials_histexact_check,exact,126217,0,raw,R2,0.5176469052637813,diagnostic,joblib:data/interim/pm100_duration_ext200_xgb_result.joblib,False
pm100,duration,XGBoost,histexact_check_seed0,exact,126217,0,raw,R2,0.5488390932466795,diagnostic,joblib:data/interim/pm100_duration_xgb_result.joblib,False
pm100,duration,XGBoost,seed_sweep,hist,126217,0,,fit_seconds,0.540866133000236,diagnostic,joblib:data/interim/pm100_duration_seedvar_xgb_hist.joblib,True
pm100,duration,XGBoost,seed_sweep,hist,126217,1,,fit_seconds,0.4777263219584711,diagnostic,joblib:data/interim/pm100_duration_seedvar_xgb_hist.joblib,True
pm100,duration,XGBoost,seed_sweep,hist,126217,2,,fit_seconds,0.5754671309841797,diagnostic,joblib:data/interim/pm100_duration_seedvar_xgb_hist.joblib,True
pm100,duration,XGBoost,seed_sweep,hist,126217,3,,fit_seconds,0.6981981740100309,diagnostic,joblib:data/interim/pm100_duration_seedvar_xgb_hist.joblib,True
pm100,duration,XGBoost,seed_sweep,hist,126217,4,,fit_seconds,0.6208114990149625,diagnostic,joblib:data/interim/pm100_duration_seedvar_xgb_hist.joblib,True
pm100,duration,XGBoost,seed_sweep,hist,126217,0,raw,R2,0.6185129593046861,diagnostic,joblib:data/interim/pm100_duration_seedvar_xgb_hist.joblib,True
pm100,duration,XGBoost,seed_sweep,hist,126217,1,raw,R2,0.5804151714263451,diagnostic,joblib:data/interim/pm100_duration_seedvar_xgb_hist.joblib,True
pm100,duration,XGBoost,seed_sweep,hist,126217,2,raw,R2,0.6129452043092194,diagnostic,joblib:data/interim/pm100_duration_seedvar_xgb_hist.joblib,True
pm100,duration,XGBoost,seed_sweep,hist,126217,3,raw,R2,0.6100095934698908,diagnostic,joblib:data/interim/pm100_duration_seedvar_xgb_hist.joblib,True
pm100,duration,XGBoost,seed_sweep,hist,126217,4,raw,R2,0.6077149452932118,diagnostic,joblib:data/interim/pm100_duration_seedvar_xgb_hist.joblib,True
pm100,duration,XGBoost,seed_sweep_alt_tree_method,exact,126217,0,,fit_seconds,4.790743396035396,diagnostic,joblib:data/interim/pm100_duration_seedvar_xgb_exact.joblib,True
pm100,duration,XGBoost,seed_sweep_alt_tree_method,exact,126217,1,,fit_seconds,4.81427428702591,diagnostic,joblib:data/interim/pm100_duration_seedvar_xgb_exact.joblib,True
pm100,duration,XGBoost,seed_sweep_alt_tree_method,exact,126217,2,,fit_seconds,4.663515490014106,diagnostic,joblib:data/interim/pm100_duration_seedvar_xgb_exact.joblib,True
pm100,duration,XGBoost,seed_sweep_alt_tree_method,exact,126217,3,,fit_seconds,4.652987561945338,diagnostic,joblib:data/interim/pm100_duration_seedvar_xgb_exact.joblib,True
pm100,duration,XGBoost,seed_sweep_alt_tree_method,exact,126217,4,,fit_seconds,4.577876726980321,diagnostic,joblib:data/interim/pm100_duration_seedvar_xgb_exact.joblib,True
pm100,duration,XGBoost,seed_sweep_alt_tree_method,exact,126217,0,raw,R2,0.5488390932466795,diagnostic,joblib:data/interim/pm100_duration_seedvar_xgb_exact.joblib,True
pm100,duration,XGBoost,seed_sweep_alt_tree_method,exact,126217,1,raw,R2,0.557044658234572,diagnostic,joblib:data/interim/pm100_duration_seedvar_xgb_exact.joblib,True
pm100,duration,XGBoost,seed_sweep_alt_tree_method,exact,126217,2,raw,R2,0.5567907233552151,diagnostic,joblib:data/interim/pm100_duration_seedvar_xgb_exact.joblib,True
pm100,duration,XGBoost,seed_sweep_alt_tree_method,exact,126217,3,raw,R2,0.5248086515519712,diagnostic,joblib:data/interim/pm100_duration_seedvar_xgb_exact.joblib,True
pm100,duration,XGBoost,seed_sweep_alt_tree_method,exact,126217,4,raw,R2,0.5352056914267147,diagnostic,joblib:data/interim/pm100_duration_seedvar_xgb_exact.joblib,True
pm100,memory,LightGBM,,,126217,0,,fit_seconds,1.2,adopted,recovered_from_notebook:notebooks/05b_classical_ml_memory.ipynb#cell101,False
pm100,memory,LightGBM,,,126217,0,log,MAE,0.0271,adopted,recovered_from_notebook:notebooks/05b_classical_ml_memory.ipynb#cell103,False
pm100,memory,LightGBM,,,126217,0,log,MAPE,0.6626,adopted,recovered_from_notebook:notebooks/05b_classical_ml_memory.ipynb#cell103,False
pm100,memory,LightGBM,,,126217,0,log,MedAE,0.0003,adopted,recovered_from_notebook:notebooks/05b_classical_ml_memory.ipynb#cell103,False
pm100,memory,LightGBM,,,126217,0,log,R2,0.9745,adopted,recovered_from_notebook:notebooks/05b_classical_ml_memory.ipynb#cell103,False
pm100,memory,LightGBM,,,126217,0,log,RMSE,0.1735,adopted,recovered_from_notebook:notebooks/05b_classical_ml_memory.ipynb#cell103,False
pm100,memory,LightGBM,,,126217,0,log,Within20pct,99.2254,adopted,recovered_from_notebook:notebooks/05b_classical_ml_memory.ipynb#cell103,False
pm100,memory,LightGBM,,,126217,0,raw,MAE,28.0444,adopted,recovered_from_notebook:notebooks/05b_classical_ml_memory.ipynb#cell103,False
pm100,memory,LightGBM,,,126217,0,raw,MAPE,6.031,adopted,recovered_from_notebook:notebooks/05b_classical_ml_memory.ipynb#cell103,False
pm100,memory,LightGBM,,,126217,0,raw,MedAE,0.0721,adopted,recovered_from_notebook:notebooks/05b_classical_ml_memory.ipynb#cell103,False
pm100,memory,LightGBM,,,126217,0,raw,R2,0.9599,adopted,recovered_from_notebook:notebooks/05b_classical_ml_memory.ipynb#cell103,False
pm100,memory,LightGBM,,,126217,0,raw,RMSE,337.848,adopted,recovered_from_notebook:notebooks/05b_classical_ml_memory.ipynb#cell103,False
pm100,memory,LightGBM,,,126217,0,raw,Within20pct,97.4026,adopted,recovered_from_notebook:notebooks/05b_classical_ml_memory.ipynb#cell103,False
pm100,memory,LightGBM,full17_mem_req_leakage,,126217,0,,fit_seconds,3.2,investigated_rejected,recovered_from_notebook:notebooks/05b_classical_ml_memory.ipynb#cell77,False
pm100,memory,LightGBM,full17_mem_req_leakage,,126217,0,log,MAE,0.0763,investigated_rejected,recovered_from_notebook:notebooks/05b_classical_ml_memory.ipynb#cell77,False
pm100,memory,LightGBM,full17_mem_req_leakage,,126217,0,log,MAPE,1.4325,investigated_rejected,recovered_from_notebook:notebooks/05b_classical_ml_memory.ipynb#cell77,False
pm100,memory,LightGBM,full17_mem_req_leakage,,126217,0,log,MedAE,0.094,investigated_rejected,recovered_from_notebook:notebooks/05b_classical_ml_memory.ipynb#cell77,False
pm100,memory,LightGBM,full17_mem_req_leakage,,126217,0,log,R2,0.9902,investigated_rejected,recovered_from_notebook:notebooks/05b_classical_ml_memory.ipynb#cell77,False
pm100,memory,LightGBM,full17_mem_req_leakage,,126217,0,log,RMSE,0.1075,investigated_rejected,recovered_from_notebook:notebooks/05b_classical_ml_memory.ipynb#cell77,False
pm100,memory,LightGBM,full17_mem_req_leakage,,126217,0,log,Within20pct,99.8484,investigated_rejected,recovered_from_notebook:notebooks/05b_classical_ml_memory.ipynb#cell77,False
pm100,memory,LightGBM,full17_mem_req_leakage,,126217,0,raw,MAE,31.9018,investigated_rejected,recovered_from_notebook:notebooks/05b_classical_ml_memory.ipynb#cell77,False
pm100,memory,LightGBM,full17_mem_req_leakage,,126217,0,raw,MAPE,7.8986,investigated_rejected,recovered_from_notebook:notebooks/05b_classical_ml_memory.ipynb#cell77,False
pm100,memory,LightGBM,full17_mem_req_leakage,,126217,0,raw,MedAE,23.4651,investigated_rejected,recovered_from_notebook:notebooks/05b_classical_ml_memory.ipynb#cell77,False
pm100,memory,LightGBM,full17_mem_req_leakage,,126217,0,raw,R2,0.9845,investigated_rejected,recovered_from_notebook:notebooks/05b_classical_ml_memory.ipynb#cell77,False
pm100,memory,LightGBM,full17_mem_req_leakage,,126217,0,raw,RMSE,209.8636,investigated_rejected,recovered_from_notebook:notebooks/05b_classical_ml_memory.ipynb#cell77,False
pm100,memory,LightGBM,full17_mem_req_leakage,,126217,0,raw,Within20pct,98.1865,investigated_rejected,recovered_from_notebook:notebooks/05b_classical_ml_memory.ipynb#cell77,False
pm100,memory,LightGBM,seed_sweep,,126217,0,,fit_seconds,0.9343872350291349,diagnostic,joblib:data/interim/pm100_memory_c4_seedvar_lgbm.joblib,True
pm100,memory,LightGBM,seed_sweep,,126217,1,,fit_seconds,0.9129338089842349,diagnostic,joblib:data/interim/pm100_memory_c4_seedvar_lgbm.joblib,True
pm100,memory,LightGBM,seed_sweep,,126217,2,,fit_seconds,0.8981391309644096,diagnostic,joblib:data/interim/pm100_memory_c4_seedvar_lgbm.joblib,True
pm100,memory,LightGBM,seed_sweep,,126217,3,,fit_seconds,0.9100303509621881,diagnostic,joblib:data/interim/pm100_memory_c4_seedvar_lgbm.joblib,True
pm100,memory,LightGBM,seed_sweep,,126217,4,,fit_seconds,0.901502491964493,diagnostic,joblib:data/interim/pm100_memory_c4_seedvar_lgbm.joblib,True
pm100,memory,LightGBM,seed_sweep,,126217,0,raw,R2,0.9599301825203739,diagnostic,joblib:data/interim/pm100_memory_c4_seedvar_lgbm.joblib,True
pm100,memory,LightGBM,seed_sweep,,126217,1,raw,R2,0.9630489330837076,diagnostic,joblib:data/interim/pm100_memory_c4_seedvar_lgbm.joblib,True
pm100,memory,LightGBM,seed_sweep,,126217,2,raw,R2,0.9582470023133384,diagnostic,joblib:data/interim/pm100_memory_c4_seedvar_lgbm.joblib,True
pm100,memory,LightGBM,seed_sweep,,126217,3,raw,R2,0.9578444022790197,diagnostic,joblib:data/interim/pm100_memory_c4_seedvar_lgbm.joblib,True
pm100,memory,LightGBM,seed_sweep,,126217,4,raw,R2,0.9518658642446111,diagnostic,joblib:data/interim/pm100_memory_c4_seedvar_lgbm.joblib,True
pm100,memory,Naive,,,126217,,raw,MAE,511.28222690551456,adopted,joblib:data/interim/pm100_memory_clean4_prepared.joblib,False
pm100,memory,Naive,,,126217,,raw,MAPE,91.07153799040711,adopted,joblib:data/interim/pm100_memory_clean4_prepared.joblib,False
pm100,memory,Naive,,,126217,,raw,MedAE,238.0,adopted,joblib:data/interim/pm100_memory_clean4_prepared.joblib,False
pm100,memory,Naive,,,126217,,raw,R2,0.07677323568407246,adopted,joblib:data/interim/pm100_memory_clean4_prepared.joblib,False
pm100,memory,Naive,,,126217,,raw,RMSE,1621.686596699411,adopted,joblib:data/interim/pm100_memory_clean4_prepared.joblib,False
pm100,memory,Naive,,,126217,,raw,Within20pct,31.527184663449987,adopted,joblib:data/interim/pm100_memory_clean4_prepared.joblib,False
pm100,memory,RandomForest,,,126217,0,,fit_seconds,0.6,adopted,recovered_from_notebook:notebooks/05b_classical_ml_memory.ipynb#cell101,False
pm100,memory,RandomForest,,,126217,0,log,MAE,0.0274,adopted,recovered_from_notebook:notebooks/05b_classical_ml_memory.ipynb#cell103,False
pm100,memory,RandomForest,,,126217,0,log,MAPE,0.6513,adopted,recovered_from_notebook:notebooks/05b_classical_ml_memory.ipynb#cell103,False
pm100,memory,RandomForest,,,126217,0,log,MedAE,0.0035,adopted,recovered_from_notebook:notebooks/05b_classical_ml_memory.ipynb#cell103,False
pm100,memory,RandomForest,,,126217,0,log,R2,0.977,adopted,recovered_from_notebook:notebooks/05b_classical_ml_memory.ipynb#cell103,False
pm100,memory,RandomForest,,,126217,0,log,RMSE,0.1648,adopted,recovered_from_notebook:notebooks/05b_classical_ml_memory.ipynb#cell103,False
pm100,memory,RandomForest,,,126217,0,log,Within20pct,99.3918,adopted,recovered_from_notebook:notebooks/05b_classical_ml_memory.ipynb#cell103,False
pm100,memory,RandomForest,,,126217,0,raw,MAE,24.1213,adopted,recovered_from_notebook:notebooks/05b_classical_ml_memory.ipynb#cell103,False
pm100,memory,RandomForest,,,126217,0,raw,MAPE,5.7452,adopted,recovered_from_notebook:notebooks/05b_classical_ml_memory.ipynb#cell103,False
pm100,memory,RandomForest,,,126217,0,raw,MedAE,0.8276,adopted,recovered_from_notebook:notebooks/05b_classical_ml_memory.ipynb#cell103,False
pm100,memory,RandomForest,,,126217,0,raw,R2,0.9509,adopted,recovered_from_notebook:notebooks/05b_classical_ml_memory.ipynb#cell103,False
pm100,memory,RandomForest,,,126217,0,raw,RMSE,374.0273,adopted,recovered_from_notebook:notebooks/05b_classical_ml_memory.ipynb#cell103,False
pm100,memory,RandomForest,,,126217,0,raw,Within20pct,97.4156,adopted,recovered_from_notebook:notebooks/05b_classical_ml_memory.ipynb#cell103,False
pm100,memory,RandomForest,full17_mem_req_leakage,,126217,0,,fit_seconds,2.1,investigated_rejected,recovered_from_notebook:notebooks/05b_classical_ml_memory.ipynb#cell77,False
pm100,memory,RandomForest,full17_mem_req_leakage,,126217,0,log,MAE,0.0206,investigated_rejected,recovered_from_notebook:notebooks/05b_classical_ml_memory.ipynb#cell77,False
pm100,memory,RandomForest,full17_mem_req_leakage,,126217,0,log,MAPE,0.406,investigated_rejected,recovered_from_notebook:notebooks/05b_classical_ml_memory.ipynb#cell77,False
pm100,memory,RandomForest,full17_mem_req_leakage,,126217,0,log,MedAE,0.0,investigated_rejected,recovered_from_notebook:notebooks/05b_classical_ml_memory.ipynb#cell77,False
pm100,memory,RandomForest,full17_mem_req_leakage,,126217,0,log,R2,0.9904,investigated_rejected,recovered_from_notebook:notebooks/05b_classical_ml_memory.ipynb#cell77,False
pm100,memory,RandomForest,full17_mem_req_leakage,,126217,0,log,RMSE,0.1065,investigated_rejected,recovered_from_notebook:notebooks/05b_classical_ml_memory.ipynb#cell77,False
pm100,memory,RandomForest,full17_mem_req_leakage,,126217,0,log,Within20pct,99.8503,investigated_rejected,recovered_from_notebook:notebooks/05b_classical_ml_memory.ipynb#cell77,False
pm100,memory,RandomForest,full17_mem_req_leakage,,126217,0,raw,MAE,9.9222,investigated_rejected,recovered_from_notebook:notebooks/05b_classical_ml_memory.ipynb#cell77,False
pm100,memory,RandomForest,full17_mem_req_leakage,,126217,0,raw,MAPE,1.8716,investigated_rejected,recovered_from_notebook:notebooks/05b_classical_ml_memory.ipynb#cell77,False
pm100,memory,RandomForest,full17_mem_req_leakage,,126217,0,raw,MedAE,0.0,investigated_rejected,recovered_from_notebook:notebooks/05b_classical_ml_memory.ipynb#cell77,False
pm100,memory,RandomForest,full17_mem_req_leakage,,126217,0,raw,R2,0.9773,investigated_rejected,recovered_from_notebook:notebooks/05b_classical_ml_memory.ipynb#cell77,False
pm100,memory,RandomForest,full17_mem_req_leakage,,126217,0,raw,RMSE,254.2546,investigated_rejected,recovered_from_notebook:notebooks/05b_classical_ml_memory.ipynb#cell77,False
pm100,memory,RandomForest,full17_mem_req_leakage,,126217,0,raw,Within20pct,98.5839,investigated_rejected,recovered_from_notebook:notebooks/05b_classical_ml_memory.ipynb#cell77,False
pm100,memory,RandomForest,seed_sweep,,126217,0,,fit_seconds,0.6424208940006793,diagnostic,joblib:data/interim/pm100_memory_c4_seedvar_rf.joblib,True
pm100,memory,RandomForest,seed_sweep,,126217,1,,fit_seconds,0.6004327060072683,diagnostic,joblib:data/interim/pm100_memory_c4_seedvar_rf.joblib,True
pm100,memory,RandomForest,seed_sweep,,126217,2,,fit_seconds,0.6194232819834724,diagnostic,joblib:data/interim/pm100_memory_c4_seedvar_rf.joblib,True
pm100,memory,RandomForest,seed_sweep,,126217,3,,fit_seconds,0.6163128409534693,diagnostic,joblib:data/interim/pm100_memory_c4_seedvar_rf.joblib,True
pm100,memory,RandomForest,seed_sweep,,126217,4,,fit_seconds,0.6119526280090213,diagnostic,joblib:data/interim/pm100_memory_c4_seedvar_rf.joblib,True
pm100,memory,RandomForest,seed_sweep,,126217,0,raw,R2,0.9508887285103266,diagnostic,joblib:data/interim/pm100_memory_c4_seedvar_rf.joblib,True
pm100,memory,RandomForest,seed_sweep,,126217,1,raw,R2,0.9519503566281694,diagnostic,joblib:data/interim/pm100_memory_c4_seedvar_rf.joblib,True
pm100,memory,RandomForest,seed_sweep,,126217,2,raw,R2,0.951492266936142,diagnostic,joblib:data/interim/pm100_memory_c4_seedvar_rf.joblib,True
pm100,memory,RandomForest,seed_sweep,,126217,3,raw,R2,0.9501876471877116,diagnostic,joblib:data/interim/pm100_memory_c4_seedvar_rf.joblib,True
pm100,memory,RandomForest,seed_sweep,,126217,4,raw,R2,0.9499915006953438,diagnostic,joblib:data/interim/pm100_memory_c4_seedvar_rf.joblib,True
pm100,memory,XGBoost,,hist,126217,0,,fit_seconds,0.9,adopted,recovered_from_notebook:notebooks/05b_classical_ml_memory.ipynb#cell101,False
pm100,memory,XGBoost,,hist,126217,0,log,MAE,0.0295,adopted,recovered_from_notebook:notebooks/05b_classical_ml_memory.ipynb#cell103,False
pm100,memory,XGBoost,,hist,126217,0,log,MAPE,0.7251,adopted,recovered_from_notebook:notebooks/05b_classical_ml_memory.ipynb#cell103,False
pm100,memory,XGBoost,,hist,126217,0,log,MedAE,0.0003,adopted,recovered_from_notebook:notebooks/05b_classical_ml_memory.ipynb#cell103,False
pm100,memory,XGBoost,,hist,126217,0,log,R2,0.973,adopted,recovered_from_notebook:notebooks/05b_classical_ml_memory.ipynb#cell103,False
pm100,memory,XGBoost,,hist,126217,0,log,RMSE,0.1785,adopted,recovered_from_notebook:notebooks/05b_classical_ml_memory.ipynb#cell103,False
pm100,memory,XGBoost,,hist,126217,0,log,Within20pct,99.2014,adopted,recovered_from_notebook:notebooks/05b_classical_ml_memory.ipynb#cell103,False
pm100,memory,XGBoost,,hist,126217,0,raw,MAE,27.361,adopted,recovered_from_notebook:notebooks/05b_classical_ml_memory.ipynb#cell103,False
pm100,memory,XGBoost,,hist,126217,0,raw,MAPE,6.7001,adopted,recovered_from_notebook:notebooks/05b_classical_ml_memory.ipynb#cell103,False
pm100,memory,XGBoost,,hist,126217,0,raw,MedAE,0.082,adopted,recovered_from_notebook:notebooks/05b_classical_ml_memory.ipynb#cell103,False
pm100,memory,XGBoost,,hist,126217,0,raw,R2,0.9658,adopted,recovered_from_notebook:notebooks/05b_classical_ml_memory.ipynb#cell103,False
pm100,memory,XGBoost,,hist,126217,0,raw,RMSE,312.0164,adopted,recovered_from_notebook:notebooks/05b_classical_ml_memory.ipynb#cell103,False
pm100,memory,XGBoost,,hist,126217,0,raw,Within20pct,97.4082,adopted,recovered_from_notebook:notebooks/05b_classical_ml_memory.ipynb#cell103,False
pm100,memory,XGBoost,full17_mem_req_leakage,hist,126217,0,,fit_seconds,1.1,investigated_rejected,recovered_from_notebook:notebooks/05b_classical_ml_memory.ipynb#cell77,False
pm100,memory,XGBoost,full17_mem_req_leakage,hist,126217,0,log,MAE,0.037,investigated_rejected,recovered_from_notebook:notebooks/05b_classical_ml_memory.ipynb#cell77,False
pm100,memory,XGBoost,full17_mem_req_leakage,hist,126217,0,log,MAPE,0.7205,investigated_rejected,recovered_from_notebook:notebooks/05b_classical_ml_memory.ipynb#cell77,False
pm100,memory,XGBoost,full17_mem_req_leakage,hist,126217,0,log,MedAE,0.0099,investigated_rejected,recovered_from_notebook:notebooks/05b_classical_ml_memory.ipynb#cell77,False
pm100,memory,XGBoost,full17_mem_req_leakage,hist,126217,0,log,R2,0.9913,investigated_rejected,recovered_from_notebook:notebooks/05b_classical_ml_memory.ipynb#cell77,False
pm100,memory,XGBoost,full17_mem_req_leakage,hist,126217,0,log,RMSE,0.1013,investigated_rejected,recovered_from_notebook:notebooks/05b_classical_ml_memory.ipynb#cell77,False
pm100,memory,XGBoost,full17_mem_req_leakage,hist,126217,0,log,Within20pct,99.9002,investigated_rejected,recovered_from_notebook:notebooks/05b_classical_ml_memory.ipynb#cell77,False
pm100,memory,XGBoost,full17_mem_req_leakage,hist,126217,0,raw,MAE,29.7576,investigated_rejected,recovered_from_notebook:notebooks/05b_classical_ml_memory.ipynb#cell77,False
pm100,memory,XGBoost,full17_mem_req_leakage,hist,126217,0,raw,MAPE,3.585,investigated_rejected,recovered_from_notebook:notebooks/05b_classical_ml_memory.ipynb#cell77,False
pm100,memory,XGBoost,full17_mem_req_leakage,hist,126217,0,raw,MedAE,2.3361,investigated_rejected,recovered_from_notebook:notebooks/05b_classical_ml_memory.ipynb#cell77,False
pm100,memory,XGBoost,full17_mem_req_leakage,hist,126217,0,raw,R2,0.9614,investigated_rejected,recovered_from_notebook:notebooks/05b_classical_ml_memory.ipynb#cell77,False
pm100,memory,XGBoost,full17_mem_req_leakage,hist,126217,0,raw,RMSE,331.7707,investigated_rejected,recovered_from_notebook:notebooks/05b_classical_ml_memory.ipynb#cell77,False
pm100,memory,XGBoost,full17_mem_req_leakage,hist,126217,0,raw,Within20pct,93.3023,investigated_rejected,recovered_from_notebook:notebooks/05b_classical_ml_memory.ipynb#cell77,False
pm100,memory,XGBoost,seed_sweep,hist,126217,0,,fit_seconds,0.7467489460250363,diagnostic,joblib:data/interim/pm100_memory_c4_seedvar_xgb_hist.joblib,True
pm100,memory,XGBoost,seed_sweep,hist,126217,1,,fit_seconds,0.7582814270281233,diagnostic,joblib:data/interim/pm100_memory_c4_seedvar_xgb_hist.joblib,True
pm100,memory,XGBoost,seed_sweep,hist,126217,2,,fit_seconds,0.7551663169870153,diagnostic,joblib:data/interim/pm100_memory_c4_seedvar_xgb_hist.joblib,True
pm100,memory,XGBoost,seed_sweep,hist,126217,3,,fit_seconds,0.700509971997235,diagnostic,joblib:data/interim/pm100_memory_c4_seedvar_xgb_hist.joblib,True
pm100,memory,XGBoost,seed_sweep,hist,126217,4,,fit_seconds,0.7234378340071999,diagnostic,joblib:data/interim/pm100_memory_c4_seedvar_xgb_hist.joblib,True
pm100,memory,XGBoost,seed_sweep,hist,126217,0,raw,R2,0.965823366684766,diagnostic,joblib:data/interim/pm100_memory_c4_seedvar_xgb_hist.joblib,True
pm100,memory,XGBoost,seed_sweep,hist,126217,1,raw,R2,0.964559339108857,diagnostic,joblib:data/interim/pm100_memory_c4_seedvar_xgb_hist.joblib,True
pm100,memory,XGBoost,seed_sweep,hist,126217,2,raw,R2,0.9654227491821569,diagnostic,joblib:data/interim/pm100_memory_c4_seedvar_xgb_hist.joblib,True
pm100,memory,XGBoost,seed_sweep,hist,126217,3,raw,R2,0.9630783526242547,diagnostic,joblib:data/interim/pm100_memory_c4_seedvar_xgb_hist.joblib,True
pm100,memory,XGBoost,seed_sweep,hist,126217,4,raw,R2,0.9654191228324921,diagnostic,joblib:data/interim/pm100_memory_c4_seedvar_xgb_hist.joblib,True
pm100,memory,XGBoost,seed_sweep_alt_tree_method,exact,126217,0,,fit_seconds,6.446589122002479,diagnostic,joblib:data/interim/pm100_memory_c4_seedvar_xgb_exact.joblib,True
pm100,memory,XGBoost,seed_sweep_alt_tree_method,exact,126217,1,,fit_seconds,6.462192078994121,diagnostic,joblib:data/interim/pm100_memory_c4_seedvar_xgb_exact.joblib,True
pm100,memory,XGBoost,seed_sweep_alt_tree_method,exact,126217,2,,fit_seconds,6.519424296973739,diagnostic,joblib:data/interim/pm100_memory_c4_seedvar_xgb_exact.joblib,True
pm100,memory,XGBoost,seed_sweep_alt_tree_method,exact,126217,3,,fit_seconds,6.316731804981828,diagnostic,joblib:data/interim/pm100_memory_c4_seedvar_xgb_exact.joblib,True
pm100,memory,XGBoost,seed_sweep_alt_tree_method,exact,126217,4,,fit_seconds,6.658191425958648,diagnostic,joblib:data/interim/pm100_memory_c4_seedvar_xgb_exact.joblib,True
pm100,memory,XGBoost,seed_sweep_alt_tree_method,exact,126217,0,raw,R2,0.964894734398969,diagnostic,joblib:data/interim/pm100_memory_c4_seedvar_xgb_exact.joblib,True
pm100,memory,XGBoost,seed_sweep_alt_tree_method,exact,126217,1,raw,R2,0.9631028273718505,diagnostic,joblib:data/interim/pm100_memory_c4_seedvar_xgb_exact.joblib,True
pm100,memory,XGBoost,seed_sweep_alt_tree_method,exact,126217,2,raw,R2,0.9651622362917811,diagnostic,joblib:data/interim/pm100_memory_c4_seedvar_xgb_exact.joblib,True
pm100,memory,XGBoost,seed_sweep_alt_tree_method,exact,126217,3,raw,R2,0.9640529404322569,diagnostic,joblib:data/interim/pm100_memory_c4_seedvar_xgb_exact.joblib,True
pm100,memory,XGBoost,seed_sweep_alt_tree_method,exact,126217,4,raw,R2,0.9646136453317631,diagnostic,joblib:data/interim/pm100_memory_c4_seedvar_xgb_exact.joblib,True
pm100,power,CalibratedPowerModel,,,,,raw,MAE,493.4335,adopted,recovered_from_notebook:notebooks/03_analytical_baselines.ipynb#cell30,False
pm100,power,CalibratedPowerModel,,,,,raw,MAPE,21.8178,adopted,recovered_from_notebook:notebooks/03_analytical_baselines.ipynb#cell30,False
pm100,power,CalibratedPowerModel,,,,,raw,MedAE,174.214,adopted,recovered_from_notebook:notebooks/03_analytical_baselines.ipynb#cell30,False
pm100,power,CalibratedPowerModel,,,,,raw,R2,0.9098,adopted,recovered_from_notebook:notebooks/03_analytical_baselines.ipynb#cell30,False
pm100,power,CalibratedPowerModel,,,,,raw,RMSE,2408.5334,adopted,recovered_from_notebook:notebooks/03_analytical_baselines.ipynb#cell30,False
pm100,power,CalibratedPowerModel,,,,,raw,Within20pct,46.1631,adopted,recovered_from_notebook:notebooks/03_analytical_baselines.ipynb#cell30,False
pm100,power,LightGBM,,,126217,0,,fit_seconds,0.3,adopted,recovered_from_notebook:notebooks/05_classical_ml_baselines.ipynb#cell88,False
pm100,power,LightGBM,,,126217,0,log,MAE,0.1748,adopted,recovered_from_notebook:notebooks/05_classical_ml_baselines.ipynb#cell88,False
pm100,power,LightGBM,,,126217,0,log,MAPE,2.5514,adopted,recovered_from_notebook:notebooks/05_classical_ml_baselines.ipynb#cell88,False
pm100,power,LightGBM,,,126217,0,log,MedAE,0.1494,adopted,recovered_from_notebook:notebooks/05_classical_ml_baselines.ipynb#cell88,False
pm100,power,LightGBM,,,126217,0,log,R2,0.94,adopted,recovered_from_notebook:notebooks/05_classical_ml_baselines.ipynb#cell88,False
pm100,power,LightGBM,,,126217,0,log,RMSE,0.223,adopted,recovered_from_notebook:notebooks/05_classical_ml_baselines.ipynb#cell88,False
pm100,power,LightGBM,,,126217,0,log,Within20pct,99.9852,adopted,recovered_from_notebook:notebooks/05_classical_ml_baselines.ipynb#cell88,False
pm100,power,LightGBM,,,126217,0,raw,MAE,372.1584,adopted,recovered_from_notebook:notebooks/05_classical_ml_baselines.ipynb#cell88,False
pm100,power,LightGBM,,,126217,0,raw,MAPE,17.2101,adopted,recovered_from_notebook:notebooks/05_classical_ml_baselines.ipynb#cell88,False
pm100,power,LightGBM,,,126217,0,raw,MedAE,129.6627,adopted,recovered_from_notebook:notebooks/05_classical_ml_baselines.ipynb#cell88,False
pm100,power,LightGBM,,,126217,0,raw,R2,0.9237,adopted,recovered_from_notebook:notebooks/05_classical_ml_baselines.ipynb#cell88,False
pm100,power,LightGBM,,,126217,0,raw,RMSE,2215.109,adopted,recovered_from_notebook:notebooks/05_classical_ml_baselines.ipynb#cell88,False
pm100,power,LightGBM,,,126217,0,raw,Within20pct,65.3356,adopted,recovered_from_notebook:notebooks/05_classical_ml_baselines.ipynb#cell88,False
pm100,power,LightGBM,seed_sweep,,126217,0,,fit_seconds,0.26827645901357755,diagnostic,joblib:data/interim/pm100_power_seedvar_lgbm.joblib,True
pm100,power,LightGBM,seed_sweep,,126217,1,,fit_seconds,0.2417909810319543,diagnostic,joblib:data/interim/pm100_power_seedvar_lgbm.joblib,True
pm100,power,LightGBM,seed_sweep,,126217,2,,fit_seconds,0.2340315510518849,diagnostic,joblib:data/interim/pm100_power_seedvar_lgbm.joblib,True
pm100,power,LightGBM,seed_sweep,,126217,3,,fit_seconds,0.23953403398627415,diagnostic,joblib:data/interim/pm100_power_seedvar_lgbm.joblib,True
pm100,power,LightGBM,seed_sweep,,126217,4,,fit_seconds,0.24426672502886504,diagnostic,joblib:data/interim/pm100_power_seedvar_lgbm.joblib,True
pm100,power,LightGBM,seed_sweep,,126217,0,raw,R2,0.9237474761737103,diagnostic,joblib:data/interim/pm100_power_seedvar_lgbm.joblib,True
pm100,power,LightGBM,seed_sweep,,126217,1,raw,R2,0.9271556159899672,diagnostic,joblib:data/interim/pm100_power_seedvar_lgbm.joblib,True
pm100,power,LightGBM,seed_sweep,,126217,2,raw,R2,0.9285775665269288,diagnostic,joblib:data/interim/pm100_power_seedvar_lgbm.joblib,True
pm100,power,LightGBM,seed_sweep,,126217,3,raw,R2,0.9117586118266763,diagnostic,joblib:data/interim/pm100_power_seedvar_lgbm.joblib,True
pm100,power,LightGBM,seed_sweep,,126217,4,raw,R2,0.9311292578549146,diagnostic,joblib:data/interim/pm100_power_seedvar_lgbm.joblib,True
pm100,power,Naive,,,126217,,raw,MAE,1794.8397904005174,adopted,joblib:data/interim/pm100_power_prepared.joblib,False
pm100,power,Naive,,,126217,,raw,MAPE,49.749571144071474,adopted,joblib:data/interim/pm100_power_prepared.joblib,False
pm100,power,Naive,,,126217,,raw,MedAE,298.75,adopted,joblib:data/interim/pm100_power_prepared.joblib,False
pm100,power,Naive,,,126217,,raw,R2,0.09634425536898061,adopted,joblib:data/interim/pm100_power_prepared.joblib,False
pm100,power,Naive,,,126217,,raw,RMSE,7625.520671745455,adopted,joblib:data/interim/pm100_power_prepared.joblib,False
pm100,power,Naive,,,126217,,raw,Within20pct,28.609986504723345,adopted,joblib:data/interim/pm100_power_prepared.joblib,False
pm100,power,RandomForest,,,126217,0,,fit_seconds,2.0,adopted,recovered_from_notebook:notebooks/05_classical_ml_baselines.ipynb#cell88,False
pm100,power,RandomForest,,,126217,0,log,MAE,0.175,adopted,recovered_from_notebook:notebooks/05_classical_ml_baselines.ipynb#cell88,False
pm100,power,RandomForest,,,126217,0,log,MAPE,2.5454,adopted,recovered_from_notebook:notebooks/05_classical_ml_baselines.ipynb#cell88,False
pm100,power,RandomForest,,,126217,0,log,MedAE,0.1471,adopted,recovered_from_notebook:notebooks/05_classical_ml_baselines.ipynb#cell88,False
pm100,power,RandomForest,,,126217,0,log,R2,0.9399,adopted,recovered_from_notebook:notebooks/05_classical_ml_baselines.ipynb#cell88,False
pm100,power,RandomForest,,,126217,0,log,RMSE,0.2231,adopted,recovered_from_notebook:notebooks/05_classical_ml_baselines.ipynb#cell88,False
pm100,power,RandomForest,,,126217,0,log,Within20pct,99.9852,adopted,recovered_from_notebook:notebooks/05_classical_ml_baselines.ipynb#cell88,False
pm100,power,RandomForest,,,126217,0,raw,MAE,398.3066,adopted,recovered_from_notebook:notebooks/05_classical_ml_baselines.ipynb#cell88,False
pm100,power,RandomForest,,,126217,0,raw,MAPE,17.0614,adopted,recovered_from_notebook:notebooks/05_classical_ml_baselines.ipynb#cell88,False
pm100,power,RandomForest,,,126217,0,raw,MedAE,130.1689,adopted,recovered_from_notebook:notebooks/05_classical_ml_baselines.ipynb#cell88,False
pm100,power,RandomForest,,,126217,0,raw,R2,0.9018,adopted,recovered_from_notebook:notebooks/05_classical_ml_baselines.ipynb#cell88,False
pm100,power,RandomForest,,,126217,0,raw,RMSE,2513.4725,adopted,recovered_from_notebook:notebooks/05_classical_ml_baselines.ipynb#cell88,False
pm100,power,RandomForest,,,126217,0,raw,Within20pct,66.6611,adopted,recovered_from_notebook:notebooks/05_classical_ml_baselines.ipynb#cell88,False
pm100,power,RandomForest,seed_sweep,,126217,0,,fit_seconds,1.9639939370099455,diagnostic,joblib:data/interim/pm100_power_seedvar_rf.joblib,True
pm100,power,RandomForest,seed_sweep,,126217,1,,fit_seconds,1.9210356139810756,diagnostic,joblib:data/interim/pm100_power_seedvar_rf.joblib,True
pm100,power,RandomForest,seed_sweep,,126217,2,,fit_seconds,1.8878764180117287,diagnostic,joblib:data/interim/pm100_power_seedvar_rf.joblib,True
pm100,power,RandomForest,seed_sweep,,126217,3,,fit_seconds,1.943363951984793,diagnostic,joblib:data/interim/pm100_power_seedvar_rf.joblib,True
pm100,power,RandomForest,seed_sweep,,126217,4,,fit_seconds,1.9236266289954074,diagnostic,joblib:data/interim/pm100_power_seedvar_rf.joblib,True
pm100,power,RandomForest,seed_sweep,,126217,0,raw,R2,0.9018224268573586,diagnostic,joblib:data/interim/pm100_power_seedvar_rf.joblib,True
pm100,power,RandomForest,seed_sweep,,126217,1,raw,R2,0.8945635187360148,diagnostic,joblib:data/interim/pm100_power_seedvar_rf.joblib,True
pm100,power,RandomForest,seed_sweep,,126217,2,raw,R2,0.902963327013746,diagnostic,joblib:data/interim/pm100_power_seedvar_rf.joblib,True
pm100,power,RandomForest,seed_sweep,,126217,3,raw,R2,0.902905178283068,diagnostic,joblib:data/interim/pm100_power_seedvar_rf.joblib,True
pm100,power,RandomForest,seed_sweep,,126217,4,raw,R2,0.8909534006776804,diagnostic,joblib:data/interim/pm100_power_seedvar_rf.joblib,True
pm100,power,XGBoost,,hist,126217,0,,fit_seconds,0.2,adopted,recovered_from_notebook:notebooks/05_classical_ml_baselines.ipynb#cell88,False
pm100,power,XGBoost,,hist,126217,0,log,MAE,0.1656,adopted,recovered_from_notebook:notebooks/05_classical_ml_baselines.ipynb#cell88,False
pm100,power,XGBoost,,hist,126217,0,log,MAPE,2.4236,adopted,recovered_from_notebook:notebooks/05_classical_ml_baselines.ipynb#cell88,False
pm100,power,XGBoost,,hist,126217,0,log,MedAE,0.1371,adopted,recovered_from_notebook:notebooks/05_classical_ml_baselines.ipynb#cell88,False
pm100,power,XGBoost,,hist,126217,0,log,R2,0.9455,adopted,recovered_from_notebook:notebooks/05_classical_ml_baselines.ipynb#cell88,False
pm100,power,XGBoost,,hist,126217,0,log,RMSE,0.2126,adopted,recovered_from_notebook:notebooks/05_classical_ml_baselines.ipynb#cell88,False
pm100,power,XGBoost,,hist,126217,0,log,Within20pct,99.9852,adopted,recovered_from_notebook:notebooks/05_classical_ml_baselines.ipynb#cell88,False
pm100,power,XGBoost,,hist,126217,0,raw,MAE,360.3284,adopted,recovered_from_notebook:notebooks/05_classical_ml_baselines.ipynb#cell88,False
pm100,power,XGBoost,,hist,126217,0,raw,MAPE,16.6291,adopted,recovered_from_notebook:notebooks/05_classical_ml_baselines.ipynb#cell88,False
pm100,power,XGBoost,,hist,126217,0,raw,MedAE,123.9113,adopted,recovered_from_notebook:notebooks/05_classical_ml_baselines.ipynb#cell88,False
pm100,power,XGBoost,,hist,126217,0,raw,R2,0.9243,adopted,recovered_from_notebook:notebooks/05_classical_ml_baselines.ipynb#cell88,False
pm100,power,XGBoost,,hist,126217,0,raw,RMSE,2206.678,adopted,recovered_from_notebook:notebooks/05_classical_ml_baselines.ipynb#cell88,False
pm100,power,XGBoost,,hist,126217,0,raw,Within20pct,68.1696,adopted,recovered_from_notebook:notebooks/05_classical_ml_baselines.ipynb#cell88,False
pm100,power,XGBoost,seed_sweep,hist,126217,0,,fit_seconds,0.19881613197503611,diagnostic,joblib:data/interim/pm100_power_seedvar_xgb.joblib,True
pm100,power,XGBoost,seed_sweep,hist,126217,1,,fit_seconds,0.19740242598345503,diagnostic,joblib:data/interim/pm100_power_seedvar_xgb.joblib,True
pm100,power,XGBoost,seed_sweep,hist,126217,2,,fit_seconds,0.2635294099454768,diagnostic,joblib:data/interim/pm100_power_seedvar_xgb.joblib,True
pm100,power,XGBoost,seed_sweep,hist,126217,3,,fit_seconds,0.20777447300497442,diagnostic,joblib:data/interim/pm100_power_seedvar_xgb.joblib,True
pm100,power,XGBoost,seed_sweep,hist,126217,4,,fit_seconds,0.20512478204909712,diagnostic,joblib:data/interim/pm100_power_seedvar_xgb.joblib,True
pm100,power,XGBoost,seed_sweep,hist,126217,0,raw,R2,0.9243268257105238,diagnostic,joblib:data/interim/pm100_power_seedvar_xgb.joblib,True
pm100,power,XGBoost,seed_sweep,hist,126217,1,raw,R2,0.9217038917915784,diagnostic,joblib:data/interim/pm100_power_seedvar_xgb.joblib,True
pm100,power,XGBoost,seed_sweep,hist,126217,2,raw,R2,0.9207039619287934,diagnostic,joblib:data/interim/pm100_power_seedvar_xgb.joblib,True
pm100,power,XGBoost,seed_sweep,hist,126217,3,raw,R2,0.9260355617129338,diagnostic,joblib:data/interim/pm100_power_seedvar_xgb.joblib,True
pm100,power,XGBoost,seed_sweep,hist,126217,4,raw,R2,0.9220318674445355,diagnostic,joblib:data/interim/pm100_power_seedvar_xgb.joblib,True
pm100,power,XGBoost,seed_sweep_alt_tree_method,exact,126217,0,,fit_seconds,3.156534851004835,diagnostic,joblib:data/interim/pm100_power_seedvar_xgb_exact.joblib,True
pm100,power,XGBoost,seed_sweep_alt_tree_method,exact,126217,1,,fit_seconds,2.5851591160171665,diagnostic,joblib:data/interim/pm100_power_seedvar_xgb_exact.joblib,True
pm100,power,XGBoost,seed_sweep_alt_tree_method,exact,126217,2,,fit_seconds,2.5886978220078163,diagnostic,joblib:data/interim/pm100_power_seedvar_xgb_exact.joblib,True
pm100,power,XGBoost,seed_sweep_alt_tree_method,exact,126217,3,,fit_seconds,2.6196462570223957,diagnostic,joblib:data/interim/pm100_power_seedvar_xgb_exact.joblib,True
pm100,power,XGBoost,seed_sweep_alt_tree_method,exact,126217,4,,fit_seconds,2.5677626180113293,diagnostic,joblib:data/interim/pm100_power_seedvar_xgb_exact.joblib,True
pm100,power,XGBoost,seed_sweep_alt_tree_method,exact,126217,0,raw,R2,0.9172195528183843,diagnostic,joblib:data/interim/pm100_power_seedvar_xgb_exact.joblib,True
pm100,power,XGBoost,seed_sweep_alt_tree_method,exact,126217,1,raw,R2,0.925284249719006,diagnostic,joblib:data/interim/pm100_power_seedvar_xgb_exact.joblib,True
pm100,power,XGBoost,seed_sweep_alt_tree_method,exact,126217,2,raw,R2,0.9239528812162521,diagnostic,joblib:data/interim/pm100_power_seedvar_xgb_exact.joblib,True
pm100,power,XGBoost,seed_sweep_alt_tree_method,exact,126217,3,raw,R2,0.9290858295269678,diagnostic,joblib:data/interim/pm100_power_seedvar_xgb_exact.joblib,True
pm100,power,XGBoost,seed_sweep_alt_tree_method,exact,126217,4,raw,R2,0.924821671466087,diagnostic,joblib:data/interim/pm100_power_seedvar_xgb_exact.joblib,True
