dataset,target,model,variant,tree_method,seed,r2,status,source
fdata,duration,LightGBM,seed_sweep,,0,0.8306475340165637,diagnostic,joblib:data/interim/fdata_duration_r2_seedvar_lgbm.joblib
fdata,duration,LightGBM,seed_sweep,,1,0.8236765761184348,diagnostic,joblib:data/interim/fdata_duration_r2_seedvar_lgbm.joblib
fdata,duration,LightGBM,seed_sweep,,2,0.827544297158804,diagnostic,joblib:data/interim/fdata_duration_r2_seedvar_lgbm.joblib
fdata,duration,LightGBM,seed_sweep,,3,0.8250951632561261,diagnostic,joblib:data/interim/fdata_duration_r2_seedvar_lgbm.joblib
fdata,duration,LightGBM,seed_sweep,,4,0.826018601180579,diagnostic,joblib:data/interim/fdata_duration_r2_seedvar_lgbm.joblib
fdata,duration,RandomForest,seed_sweep,,0,0.8204932183627147,diagnostic,joblib:data/interim/fdata_duration_r2_seedvar_rf.joblib
fdata,duration,RandomForest,seed_sweep,,1,0.8228003431775923,diagnostic,joblib:data/interim/fdata_duration_r2_seedvar_rf.joblib
fdata,duration,RandomForest,seed_sweep,,2,0.8204703653389511,diagnostic,joblib:data/interim/fdata_duration_r2_seedvar_rf.joblib
fdata,duration,XGBoost,seed_sweep,hist,0,0.8358910297131158,diagnostic,joblib:data/interim/fdata_duration_r2_seedvar_xgb.joblib
fdata,duration,XGBoost,seed_sweep,hist,1,0.8375776714799584,diagnostic,joblib:data/interim/fdata_duration_r2_seedvar_xgb.joblib
fdata,duration,XGBoost,seed_sweep,hist,2,0.8383034032025936,diagnostic,joblib:data/interim/fdata_duration_r2_seedvar_xgb.joblib
fdata,duration,XGBoost,seed_sweep,hist,3,0.8361605161745465,diagnostic,joblib:data/interim/fdata_duration_r2_seedvar_xgb.joblib
fdata,duration,XGBoost,seed_sweep,hist,4,0.8400895160614831,diagnostic,joblib:data/interim/fdata_duration_r2_seedvar_xgb.joblib
fdata,memory,LightGBM,seed_sweep,,0,0.8668050422629425,diagnostic,joblib:data/interim/fdata_memory_seedvar_lgbm.joblib
fdata,memory,LightGBM,seed_sweep,,1,0.8560317771858358,diagnostic,joblib:data/interim/fdata_memory_seedvar_lgbm.joblib
fdata,memory,LightGBM,seed_sweep,,2,0.8535214384045895,diagnostic,joblib:data/interim/fdata_memory_seedvar_lgbm.joblib
fdata,memory,LightGBM,seed_sweep,,3,0.851075422716962,diagnostic,joblib:data/interim/fdata_memory_seedvar_lgbm.joblib
fdata,memory,LightGBM,seed_sweep,,4,0.8680580057284414,diagnostic,joblib:data/interim/fdata_memory_seedvar_lgbm.joblib
fdata,memory,RandomForest,seed_sweep,,0,0.8246365098985982,diagnostic,joblib:data/interim/fdata_memory_seedvar_rf.joblib
fdata,memory,RandomForest,seed_sweep,,1,0.8234131799691443,diagnostic,joblib:data/interim/fdata_memory_seedvar_rf.joblib
fdata,memory,RandomForest,seed_sweep,,2,0.8148517913727094,diagnostic,joblib:data/interim/fdata_memory_seedvar_rf.joblib
fdata,memory,XGBoost,seed_sweep,hist,0,0.8070009409044379,diagnostic,joblib:data/interim/fdata_memory_seedvar_xgb.joblib
fdata,memory,XGBoost,seed_sweep,hist,1,0.8367789552431613,diagnostic,joblib:data/interim/fdata_memory_seedvar_xgb.joblib
fdata,memory,XGBoost,seed_sweep,hist,2,0.8385793458406451,diagnostic,joblib:data/interim/fdata_memory_seedvar_xgb.joblib
fdata,memory,XGBoost,seed_sweep,hist,3,0.8497870320763151,diagnostic,joblib:data/interim/fdata_memory_seedvar_xgb.joblib
fdata,memory,XGBoost,seed_sweep,hist,4,0.8466699094031525,diagnostic,joblib:data/interim/fdata_memory_seedvar_xgb.joblib
fdata,memory,XGBoost,seed_sweep_alt_tree_method,exact,0,0.8423729177490202,diagnostic,joblib:data/interim/fdata_memory_seedvar_xgb_exact.joblib
fdata,memory,XGBoost,seed_sweep_alt_tree_method,exact,1,0.838655832002457,diagnostic,joblib:data/interim/fdata_memory_seedvar_xgb_exact.joblib
fdata,memory,XGBoost,seed_sweep_alt_tree_method,exact,2,0.8495001071449589,diagnostic,joblib:data/interim/fdata_memory_seedvar_xgb_exact.joblib
fdata,memory,XGBoost,seed_sweep_alt_tree_method,exact,3,0.835430362463163,diagnostic,joblib:data/interim/fdata_memory_seedvar_xgb_exact.joblib
fdata,memory,XGBoost,seed_sweep_alt_tree_method,exact,4,0.7354404694417458,diagnostic,joblib:data/interim/fdata_memory_seedvar_xgb_exact.joblib
fdata,power,LightGBM,seed_sweep,,0,0.9854908785478053,diagnostic,joblib:data/interim/fdata_power_seedvar_lgbm.joblib
fdata,power,LightGBM,seed_sweep,,1,0.9854639451613927,diagnostic,joblib:data/interim/fdata_power_seedvar_lgbm.joblib
fdata,power,LightGBM,seed_sweep,,2,0.9856609754583086,diagnostic,joblib:data/interim/fdata_power_seedvar_lgbm.joblib
fdata,power,LightGBM,seed_sweep,,3,0.9846997077867887,diagnostic,joblib:data/interim/fdata_power_seedvar_lgbm.joblib
fdata,power,LightGBM,seed_sweep,,4,0.9816735897321548,diagnostic,joblib:data/interim/fdata_power_seedvar_lgbm.joblib
fdata,power,RandomForest,seed_sweep,,0,0.9855842117050801,diagnostic,joblib:data/interim/fdata_power_seedvar_rf.joblib
fdata,power,RandomForest,seed_sweep,,1,0.9847386350477721,diagnostic,joblib:data/interim/fdata_power_seedvar_rf.joblib
fdata,power,RandomForest,seed_sweep,,2,0.9863534978581252,diagnostic,joblib:data/interim/fdata_power_seedvar_rf.joblib
fdata,power,XGBoost,seed_sweep,exact,0,0.9888499912058819,diagnostic,joblib:data/interim/fdata_power_seedvar_xgb_fullscale.joblib
fdata,power,XGBoost,seed_sweep,exact,1,0.990262447875665,diagnostic,joblib:data/interim/fdata_power_seedvar_xgb_fullscale.joblib
fdata,power,XGBoost,seed_sweep,exact,2,0.9885062461789783,diagnostic,joblib:data/interim/fdata_power_seedvar_xgb_fullscale.joblib
fdata,power,XGBoost,seed_sweep,exact,3,0.9891643543605686,diagnostic,joblib:data/interim/fdata_power_seedvar_xgb_fullscale.joblib
fdata,power,XGBoost,seed_sweep,exact,4,0.9899404330933792,diagnostic,joblib:data/interim/fdata_power_seedvar_xgb_fullscale.joblib
fdata,power,XGBoost,seed_sweep_reduced_1M_sample,exact,0,0.9811909991941655,diagnostic,joblib:data/interim/fdata_power_seedvar_xgb.joblib
fdata,power,XGBoost,seed_sweep_reduced_1M_sample,exact,1,0.9850647043693098,diagnostic,joblib:data/interim/fdata_power_seedvar_xgb.joblib
fdata,power,XGBoost,seed_sweep_reduced_1M_sample,exact,2,0.9753294556374842,diagnostic,joblib:data/interim/fdata_power_seedvar_xgb.joblib
fdata,power,XGBoost,seed_sweep_reduced_1M_sample,exact,3,0.9800083442903489,diagnostic,joblib:data/interim/fdata_power_seedvar_xgb.joblib
fdata,power,XGBoost,seed_sweep_reduced_1M_sample,exact,4,0.987482072236434,diagnostic,joblib:data/interim/fdata_power_seedvar_xgb.joblib
pm100,duration,LightGBM,seed_sweep,,0,0.6993804023838753,diagnostic,joblib:data/interim/pm100_duration_seedvar_lgbm.joblib
pm100,duration,LightGBM,seed_sweep,,1,0.7032463106502078,diagnostic,joblib:data/interim/pm100_duration_seedvar_lgbm.joblib
pm100,duration,LightGBM,seed_sweep,,2,0.6994816435757993,diagnostic,joblib:data/interim/pm100_duration_seedvar_lgbm.joblib
pm100,duration,LightGBM,seed_sweep,,3,0.6880837277176668,diagnostic,joblib:data/interim/pm100_duration_seedvar_lgbm.joblib
pm100,duration,LightGBM,seed_sweep,,4,0.6935775073830548,diagnostic,joblib:data/interim/pm100_duration_seedvar_lgbm.joblib
pm100,duration,RandomForest,seed_sweep,,0,0.6057006787263615,diagnostic,joblib:data/interim/pm100_duration_seedvar_rf.joblib
pm100,duration,RandomForest,seed_sweep,,1,0.6011307338907772,diagnostic,joblib:data/interim/pm100_duration_seedvar_rf.joblib
pm100,duration,RandomForest,seed_sweep,,2,0.6161943162846664,diagnostic,joblib:data/interim/pm100_duration_seedvar_rf.joblib
pm100,duration,RandomForest,seed_sweep,,3,0.6117384054246584,diagnostic,joblib:data/interim/pm100_duration_seedvar_rf.joblib
pm100,duration,RandomForest,seed_sweep,,4,0.6020889395108475,diagnostic,joblib:data/interim/pm100_duration_seedvar_rf.joblib
pm100,duration,XGBoost,seed_sweep,hist,0,0.6185129593046861,diagnostic,joblib:data/interim/pm100_duration_seedvar_xgb_hist.joblib
pm100,duration,XGBoost,seed_sweep,hist,1,0.5804151714263451,diagnostic,joblib:data/interim/pm100_duration_seedvar_xgb_hist.joblib
pm100,duration,XGBoost,seed_sweep,hist,2,0.6129452043092194,diagnostic,joblib:data/interim/pm100_duration_seedvar_xgb_hist.joblib
pm100,duration,XGBoost,seed_sweep,hist,3,0.6100095934698908,diagnostic,joblib:data/interim/pm100_duration_seedvar_xgb_hist.joblib
pm100,duration,XGBoost,seed_sweep,hist,4,0.6077149452932118,diagnostic,joblib:data/interim/pm100_duration_seedvar_xgb_hist.joblib
pm100,duration,XGBoost,seed_sweep_alt_tree_method,exact,0,0.5488390932466795,diagnostic,joblib:data/interim/pm100_duration_seedvar_xgb_exact.joblib
pm100,duration,XGBoost,seed_sweep_alt_tree_method,exact,1,0.557044658234572,diagnostic,joblib:data/interim/pm100_duration_seedvar_xgb_exact.joblib
pm100,duration,XGBoost,seed_sweep_alt_tree_method,exact,2,0.5567907233552151,diagnostic,joblib:data/interim/pm100_duration_seedvar_xgb_exact.joblib
pm100,duration,XGBoost,seed_sweep_alt_tree_method,exact,3,0.5248086515519712,diagnostic,joblib:data/interim/pm100_duration_seedvar_xgb_exact.joblib
pm100,duration,XGBoost,seed_sweep_alt_tree_method,exact,4,0.5352056914267147,diagnostic,joblib:data/interim/pm100_duration_seedvar_xgb_exact.joblib
pm100,memory,LightGBM,seed_sweep,,0,0.9599301825203739,diagnostic,joblib:data/interim/pm100_memory_c4_seedvar_lgbm.joblib
pm100,memory,LightGBM,seed_sweep,,1,0.9630489330837076,diagnostic,joblib:data/interim/pm100_memory_c4_seedvar_lgbm.joblib
pm100,memory,LightGBM,seed_sweep,,2,0.9582470023133384,diagnostic,joblib:data/interim/pm100_memory_c4_seedvar_lgbm.joblib
pm100,memory,LightGBM,seed_sweep,,3,0.9578444022790197,diagnostic,joblib:data/interim/pm100_memory_c4_seedvar_lgbm.joblib
pm100,memory,LightGBM,seed_sweep,,4,0.9518658642446111,diagnostic,joblib:data/interim/pm100_memory_c4_seedvar_lgbm.joblib
pm100,memory,RandomForest,seed_sweep,,0,0.9508887285103266,diagnostic,joblib:data/interim/pm100_memory_c4_seedvar_rf.joblib
pm100,memory,RandomForest,seed_sweep,,1,0.9519503566281694,diagnostic,joblib:data/interim/pm100_memory_c4_seedvar_rf.joblib
pm100,memory,RandomForest,seed_sweep,,2,0.951492266936142,diagnostic,joblib:data/interim/pm100_memory_c4_seedvar_rf.joblib
pm100,memory,RandomForest,seed_sweep,,3,0.9501876471877116,diagnostic,joblib:data/interim/pm100_memory_c4_seedvar_rf.joblib
pm100,memory,RandomForest,seed_sweep,,4,0.9499915006953438,diagnostic,joblib:data/interim/pm100_memory_c4_seedvar_rf.joblib
pm100,memory,XGBoost,seed_sweep,hist,0,0.965823366684766,diagnostic,joblib:data/interim/pm100_memory_c4_seedvar_xgb_hist.joblib
pm100,memory,XGBoost,seed_sweep,hist,1,0.964559339108857,diagnostic,joblib:data/interim/pm100_memory_c4_seedvar_xgb_hist.joblib
pm100,memory,XGBoost,seed_sweep,hist,2,0.9654227491821569,diagnostic,joblib:data/interim/pm100_memory_c4_seedvar_xgb_hist.joblib
pm100,memory,XGBoost,seed_sweep,hist,3,0.9630783526242547,diagnostic,joblib:data/interim/pm100_memory_c4_seedvar_xgb_hist.joblib
pm100,memory,XGBoost,seed_sweep,hist,4,0.9654191228324921,diagnostic,joblib:data/interim/pm100_memory_c4_seedvar_xgb_hist.joblib
pm100,memory,XGBoost,seed_sweep_alt_tree_method,exact,0,0.964894734398969,diagnostic,joblib:data/interim/pm100_memory_c4_seedvar_xgb_exact.joblib
pm100,memory,XGBoost,seed_sweep_alt_tree_method,exact,1,0.9631028273718505,diagnostic,joblib:data/interim/pm100_memory_c4_seedvar_xgb_exact.joblib
pm100,memory,XGBoost,seed_sweep_alt_tree_method,exact,2,0.9651622362917811,diagnostic,joblib:data/interim/pm100_memory_c4_seedvar_xgb_exact.joblib
pm100,memory,XGBoost,seed_sweep_alt_tree_method,exact,3,0.9640529404322569,diagnostic,joblib:data/interim/pm100_memory_c4_seedvar_xgb_exact.joblib
pm100,memory,XGBoost,seed_sweep_alt_tree_method,exact,4,0.9646136453317631,diagnostic,joblib:data/interim/pm100_memory_c4_seedvar_xgb_exact.joblib
pm100,power,LightGBM,seed_sweep,,0,0.9237474761737103,diagnostic,joblib:data/interim/pm100_power_seedvar_lgbm.joblib
pm100,power,LightGBM,seed_sweep,,1,0.9271556159899672,diagnostic,joblib:data/interim/pm100_power_seedvar_lgbm.joblib
pm100,power,LightGBM,seed_sweep,,2,0.9285775665269288,diagnostic,joblib:data/interim/pm100_power_seedvar_lgbm.joblib
pm100,power,LightGBM,seed_sweep,,3,0.9117586118266763,diagnostic,joblib:data/interim/pm100_power_seedvar_lgbm.joblib
pm100,power,LightGBM,seed_sweep,,4,0.9311292578549146,diagnostic,joblib:data/interim/pm100_power_seedvar_lgbm.joblib
pm100,power,RandomForest,seed_sweep,,0,0.9018224268573586,diagnostic,joblib:data/interim/pm100_power_seedvar_rf.joblib
pm100,power,RandomForest,seed_sweep,,1,0.8945635187360148,diagnostic,joblib:data/interim/pm100_power_seedvar_rf.joblib
pm100,power,RandomForest,seed_sweep,,2,0.902963327013746,diagnostic,joblib:data/interim/pm100_power_seedvar_rf.joblib
pm100,power,RandomForest,seed_sweep,,3,0.902905178283068,diagnostic,joblib:data/interim/pm100_power_seedvar_rf.joblib
pm100,power,RandomForest,seed_sweep,,4,0.8909534006776804,diagnostic,joblib:data/interim/pm100_power_seedvar_rf.joblib
pm100,power,XGBoost,seed_sweep,hist,0,0.9243268257105238,diagnostic,joblib:data/interim/pm100_power_seedvar_xgb.joblib
pm100,power,XGBoost,seed_sweep,hist,1,0.9217038917915784,diagnostic,joblib:data/interim/pm100_power_seedvar_xgb.joblib
pm100,power,XGBoost,seed_sweep,hist,2,0.9207039619287934,diagnostic,joblib:data/interim/pm100_power_seedvar_xgb.joblib
pm100,power,XGBoost,seed_sweep,hist,3,0.9260355617129338,diagnostic,joblib:data/interim/pm100_power_seedvar_xgb.joblib
pm100,power,XGBoost,seed_sweep,hist,4,0.9220318674445355,diagnostic,joblib:data/interim/pm100_power_seedvar_xgb.joblib
pm100,power,XGBoost,seed_sweep_alt_tree_method,exact,0,0.9172195528183843,diagnostic,joblib:data/interim/pm100_power_seedvar_xgb_exact.joblib
pm100,power,XGBoost,seed_sweep_alt_tree_method,exact,1,0.925284249719006,diagnostic,joblib:data/interim/pm100_power_seedvar_xgb_exact.joblib
pm100,power,XGBoost,seed_sweep_alt_tree_method,exact,2,0.9239528812162521,diagnostic,joblib:data/interim/pm100_power_seedvar_xgb_exact.joblib
pm100,power,XGBoost,seed_sweep_alt_tree_method,exact,3,0.9290858295269678,diagnostic,joblib:data/interim/pm100_power_seedvar_xgb_exact.joblib
pm100,power,XGBoost,seed_sweep_alt_tree_method,exact,4,0.924821671466087,diagnostic,joblib:data/interim/pm100_power_seedvar_xgb_exact.joblib
