dataset,target,model,variant,tree_method,n_trials,tuning_seconds,best_params,status,source
fdata,duration,LightGBM,,,50,,"{'n_estimators': 493, 'num_leaves': 207, 'learning_rate': 0.014920507084345887, 'subsample': 0.685307832922302, 'colsample_bytree': 0.9415149135271289}",adopted,recovered_from_notebook:notebooks/05_classical_ml_baselines.ipynb#cell25
fdata,duration,RandomForest,,,50,,"{'n_estimators': 105, 'max_depth': 18, 'min_samples_leaf': 19, 'max_features': 0.5495121930980689}",adopted,recovered_from_notebook:notebooks/05_classical_ml_baselines.ipynb#cell25
fdata,duration,XGBoost,,hist,50,,"{'n_estimators': 411, 'max_depth': 7, 'learning_rate': 0.01696003021391471, 'subsample': 0.7137365087386797, 'colsample_bytree': 0.8996675930517088}",adopted,recovered_from_notebook:notebooks/05_classical_ml_baselines.ipynb#cell25
fdata,memory,LightGBM,,,50,417.0,"{'n_estimators': 262, 'num_leaves': 15, 'learning_rate': 0.12640286235344467, 'subsample': 0.939378128127307, 'colsample_bytree': 0.9675308653219115}",adopted,recovered_from_notebook:notebooks/05b_classical_ml_memory.ipynb#cell34
fdata,memory,RandomForest,,,50,8954.7,"{'n_estimators': 135, 'max_depth': 13, 'min_samples_leaf': 8, 'max_features': 0.5135016306843436}",adopted,recovered_from_notebook:notebooks/05b_classical_ml_memory.ipynb#cell34
fdata,memory,XGBoost,,hist,50,268.5,"{'n_estimators': 79, 'max_depth': 5, 'learning_rate': 0.1922013171258541, 'subsample': 0.890961327267642, 'colsample_bytree': 0.8938787758491833}",adopted,recovered_from_notebook:notebooks/05b_classical_ml_memory.ipynb#cell34
fdata,power,LightGBM,,,50,452.76083951999317,"{'n_estimators': 370, 'num_leaves': 61, 'learning_rate': 0.030428896047121182, 'subsample': 0.6591703538109679, 'colsample_bytree': 0.8859198006121202}",adopted,joblib:data/interim/fdata_power_lgbm_result.joblib
fdata,power,RandomForest,,,50,11059.651826452027,"{'n_estimators': 181, 'max_depth': 13, 'min_samples_leaf': 13, 'max_features': 0.5778813384366877}",adopted,joblib:data/interim/fdata_power_rf_result.joblib
fdata,power,XGBoost,,hist,50,525.7176983199897,"{'n_estimators': 236, 'max_depth': 8, 'learning_rate': 0.03115735790969133, 'subsample': 0.639320836901092, 'colsample_bytree': 0.8553905924481959}",adopted,joblib:data/interim/fdata_power_xgb_result.joblib
pm100,duration,LightGBM,,,50,22.06779728399124,"{'n_estimators': 146, 'num_leaves': 15, 'learning_rate': 0.05815661011952476, 'subsample': 0.8443537671687947, 'colsample_bytree': 0.9361347418733659}",adopted,joblib:data/interim/pm100_duration_lgbm_result.joblib
pm100,duration,LightGBM,ext200_trials,,200,64.91252568800701,"{'n_estimators': 297, 'num_leaves': 20, 'learning_rate': 0.12174585024570934, 'subsample': 0.580208611650648, 'colsample_bytree': 0.8198198727127438}",investigated_rejected,joblib:data/interim/pm100_duration_ext200_lgbm_result.joblib
pm100,duration,RandomForest,,,50,60.35873157001333,"{'n_estimators': 74, 'max_depth': 6, 'min_samples_leaf': 17, 'max_features': 0.6240952177830554}",adopted,joblib:data/interim/pm100_duration_rf_result.joblib
pm100,duration,RandomForest,ext200_trials,,200,194.98472203701385,"{'n_estimators': 74, 'max_depth': 6, 'min_samples_leaf': 17, 'max_features': 0.6240952177830554}",investigated_rejected,joblib:data/interim/pm100_duration_ext200_rf_result.joblib
pm100,duration,XGBoost,,hist,50,17.39830960499239,"{'n_estimators': 284, 'max_depth': 4, 'learning_rate': 0.06461732976501806, 'subsample': 0.6396501897633698, 'colsample_bytree': 0.919882677030776}",adopted,joblib:data/interim/pm100_duration_xgb_result.joblib
pm100,duration,XGBoost,ext200_trials,hist,200,55.19775882398244,"{'n_estimators': 226, 'max_depth': 4, 'learning_rate': 0.10754341825110894, 'subsample': 0.9757711821906938, 'colsample_bytree': 0.7930002545281435}",investigated_rejected,joblib:data/interim/pm100_duration_ext200_xgb_result.joblib
pm100,memory,LightGBM,,,50,,"{'n_estimators': 188, 'num_leaves': 101, 'learning_rate': 0.11965759404600158, 'subsample': 0.8612368964975208, 'colsample_bytree': 0.8312766647047717}",adopted,joblib:data/interim/pm100_memory_clean4_prepared.joblib
pm100,memory,LightGBM,full17_mem_req_leakage,,50,122.0,"{'n_estimators': 276, 'num_leaves': 178, 'learning_rate': 0.04093944822901454, 'subsample': 0.8011088010679889, 'colsample_bytree': 0.9346648837730069}",investigated_rejected,recovered_from_notebook:notebooks/05b_classical_ml_memory.ipynb#cell73
pm100,memory,RandomForest,,,50,,"{'n_estimators': 149, 'max_depth': 10, 'min_samples_leaf': 5, 'max_features': 0.9286795150728064}",adopted,joblib:data/interim/pm100_memory_clean4_prepared.joblib
pm100,memory,RandomForest,full17_mem_req_leakage,,50,77.0,"{'n_estimators': 125, 'max_depth': 18, 'min_samples_leaf': 5, 'max_features': 0.964286724517838}",investigated_rejected,recovered_from_notebook:notebooks/05b_classical_ml_memory.ipynb#cell73
pm100,memory,XGBoost,,hist,50,,"{'n_estimators': 188, 'max_depth': 11, 'learning_rate': 0.030862925609952782, 'subsample': 0.8768040541890576, 'colsample_bytree': 0.8921051173321578}",adopted,joblib:data/interim/pm100_memory_clean4_prepared.joblib
pm100,memory,XGBoost,full17_mem_req_leakage,hist,50,60.8,"{'n_estimators': 315, 'max_depth': 8, 'learning_rate': 0.03905453391570842, 'subsample': 0.7294795269246798, 'colsample_bytree': 0.9220601400732221}",investigated_rejected,recovered_from_notebook:notebooks/05b_classical_ml_memory.ipynb#cell73
pm100,power,LightGBM,,,50,,"{'n_estimators': 89, 'num_leaves': 19, 'learning_rate': 0.16977763163336626, 'subsample': 0.8890783754749252, 'colsample_bytree': 0.9350060741234096}",adopted,recovered_from_notebook:notebooks/05_classical_ml_baselines.ipynb#cell84
pm100,power,RandomForest,,,50,,"{'n_estimators': 229, 'max_depth': 9, 'min_samples_leaf': 8, 'max_features': 0.48374603344981765}",adopted,recovered_from_notebook:notebooks/05_classical_ml_baselines.ipynb#cell84
pm100,power,XGBoost,,hist,50,,"{'n_estimators': 128, 'max_depth': 4, 'learning_rate': 0.05882341368895798, 'subsample': 0.9337098444135781, 'colsample_bytree': 0.9294864662794635}",adopted,recovered_from_notebook:notebooks/05_classical_ml_baselines.ipynb#cell84
